"000000035","","AU01","false","","Manjulaarama","2020-01-24 20:57:37.0000000","USD","","1201 THIRD AVENUE SUITE 5100","SEATTLE","US","1000001282","","WA","98154",,,,"IN","2020-01-30 20:57:00.0000000","","","","false","false","false","AVE INDUSTRIAS # 4500 ESQ. CO","SAN LUIS POTOSI","MX","SLP","78395","","AIR HOSE","16320M1D","false","","15","","","","2020-01-24 20:57:30.0000000","1000002486","","","","","EA","Manjulaarama","2020-01-24 20:57:37.0000000","Manjulaarama","","","","LBS","PACCAR PARTS - SAN LUIS POTOSI","MITSUI & CO USA INC",,,,,,,,,,,
"000000086","","US50","false","","TM_INT_EMP01","2020-06-24 19:31:23.0000000","USD","","Edificio 9080\, Local 1&2 SPECIAL ECONOMIC ZONE","HOWARD ARRAIJAN","PA","PA51","","","0000","10.000000","10.000000","10.000000","IN","2020-06-30 09:17:00.0000000","","","","false","false","false","3211 FRUITLAND AVE","LOS ANGELES","US","CA","90058-0843","ZCTN","AXLE-WELDMENT","AXLE-WELDMENT","true","","10","","","","2020-06-22 09:17:00.0000000","1000001404","","","Testing Premium Freight with Reason Code","CC","EA","TM_INT_EMP01","2020-06-24 19:31:23.0000000","TM_INT_EMP01","","","3000","LBS","BARKSDALE - LOS ANGELES CA","PACCAR Parts - Panama","ECN","testing@emial.com","TM_INT_EMP01",,,,,,,,
"000000036","","US01","false","","Manjulaarama","2020-01-24 20:58:31.0000000","USD","","557 LEE INDUSTRIAL BLVD","AUSTELL","US","1000000763","","GA","30168",,,,"IN","2020-01-30 20:58:00.0000000","","","","false","false","false","1261 FARM TO MARKET ROAD","MT VERNON","US","WA","98273","","HOSE-AIR","16344M1D","false","","15","","","","2020-01-24 20:58:24.0000000","1000001321","","","","","EA","Manjulaarama","2020-01-24 20:58:31.0000000","Manjulaarama","","","","LBS","PACCAR TECHNICAL CENTER","US XPRESS - AUSTELL",,,,,,,,,,,
"000000087","","US03","false","","TM_INT_EMP01","2020-06-24 08:45:11.0000000","USD","","3200 AIRPORT RD","DENTON","US","PD00","","TX","76205","40.000000","40.000000","10.000000","IN","2020-06-30 08:45:00.0000000","","","","false","false","false","1601 NORTH 8TH ST","RENTON","US","WA","98055","ZDRM","JUMPER- AIR DRYER","P92-1129-3800","true","","100","","","","2020-06-25 08:45:00.0000000","KR02","","","","CC","EA","TM_INT_EMP01","2020-06-24 08:45:11.0000000","TM_INT_EMP01","","","100","LBS","Kenworth-Renton (Dock C)","PD00 - PETERBILT DENTON","PLE","testing@emial.com","TM_INT_EMP01",,,,,,,,
"000000037","","US03","false","","Manjulaarama","2020-01-24 20:59:17.0000000","USD","","GPO Box 261","","AU","PORT-MELBOURNE","","VIC","3001",,,,"IN","2020-01-27 20:59:00.0000000","","","","false","false","false","4141 Distribution Circle","North Las Vegas","US","NV","89030","","HUBCAP-BULK\,STEER/TRAILER BLACK (100PCS)","1644B-100CHR","false","","12","","","","2020-01-24 20:59:10.0000000","US55","","","","","EA","Manjulaarama","2020-01-24 20:59:17.0000000","Manjulaarama","","","","LBS","PACCAR Parts - Las Vegas","Melbourne Port\, Australia",,,,,,,,,,,
"000000088","","AU01","false","","TM_INT_EMP01","2020-06-24 08:53:01.0000000","USD","","Calzada Gustavo Vildosola Castro","Mexicali","MX","MX02","","BC","21385","12.000000","12.000000","12.000000","IN","2020-06-29 08:52:00.0000000","","","","false","false","false","ATTN MC 60404","COLUMBUS","US","IN","47202-3005","ZSTR","FIFTH WHEEL\, HOLLAND","FW17J912XL00","true","","100","","","","2020-06-25 08:52:00.0000000","1000001041","","","","CC","EA","TM_INT_EMP01","2020-06-24 08:53:01.0000000","TM_INT_EMP01","","","10000","LBS","CUMMINS-ROCKY MTN NC","PACCAR KenFab Plant","NEW","testing@emial.com","TM_INT_EMP01",,,,,,,,
"000000038","456","CA51","false","","Mohammedsale","2020-01-27 19:35:29.0000000","USD","123","20020 E GRANT HWY","MARENGO","US","1000004705","","IL","60152","11.000000","12.000000","10.000000","IN","2020-01-31 16:30:00.0000000","111","","","false","false","false",". 750 HOUSER WAY NORTH","RENTON","US","WA","98057-5573","ZCTN","SEPARATOR-FUEL/WATER","FS1022FLG","false","789","10","","Receiving Contact","101","2020-01-28 10:30:00.0000000","1000004685","","Ship Contact","Shipping Instructions","PP","EA","Mohammedsale","2020-01-27 19:35:29.0000000","Mohammedsale","","","123","LBS","PACCAR PARTS","DIA PACKAGING",,,,,,,,,,,
"000000089","","CA01","false","","TM_INT_EMP01","2020-06-24 13:40:29.0000000","USD","","Calzada Gustavo Vildosola Castro","Mexicali","MX","MX02","","BC","21385","12.000000","10.000000","10.000000","IN","2020-07-01 13:40:00.0000000","123456789","","","false","false","false","431 E. DIVISION STREET","WAUTOMA","US","WI","54982-6943","ZWPT","FIFTH WHEEL\, HOLLAND","FW17H824XL00","false","","110","","","","2020-06-25 13:39:00.0000000","1000001043","","","testing user ID","CC","EA","TM_INT_EMP01","2020-06-24 13:40:29.0000000","TM_INT_EMP01","","","2000","LBS","CUMMINS EMIS. SOLUTIONS WAU","PACCAR KenFab Plant","","testing@emial.com","TM_INT_EMP01",,,,,,,,
"000000039","456","MX01","false","US","Mohammedsale","2020-01-27 19:50:52.0000000","USD","123","20020 E GRANT HWY","MARENGO","US","1000004705","","IL","60152","11.000000","12.000000","10.000000","IN","2020-01-31 17:45:00.0000000","111","","","false","true","true",". 750 HOUSER WAY NORTH","RENTON","US","WA","98057-5573","ZCOP","FILTER","FS1096FLG","false","789","10","","Receiving Contact","101","2020-01-28 10:00:00.0000000","1000004685","","Ship Contact","Ship Instructions","PP","EA","Mohammedsale","2020-01-27 19:50:52.0000000","Mohammedsale","123","KA1234123","13","LBS","PACCAR PARTS","DIA PACKAGING",,,,,,,,,,,
"000000090","","MX01","false","","TM_INT_EMP01","2020-06-24 13:44:41.0000000","USD","","920 SE 9TH AVE","ONTARIO","US","1000000012","","OR","97914","20.000000","20.000000","20.000000","IN","2020-07-02 13:44:00.0000000","23456789","","","false","false","false","3211 FRUITLAND AVE","LOS ANGELES","US","CA","90058-0843","ZSTR","FIFTH WHEEL\, HOLLAND","FW17H924XL00","false","","200","","","","2020-06-25 13:44:00.0000000","1000001404","","","","PP","EA","TM_INT_EMP01","2020-06-24 13:44:41.0000000","TM_INT_EMP01","","","300","LBS","BARKSDALE - LOS ANGELES CA","KENWORTH SALES COMPANY ONTARIO","","testing@emial.com","TM_INT_EMP01",,,,,,,,
"000001144","","US53","false","","TM_INT_EMP01","2020-07-01 14:40:52.0000000","USD","","1601 NORTH 8TH ST","RENTON","US","KR01","","WA","98055","12.000000","123.000000","12.000000","IN","2020-07-10 14:40:00.0000000","","","","false","false","false","431 E. DIVISION STREET","WAUTOMA","US","WI","54982-6943","ZWPT","Module - Intake\, Air","F31-1172","true","","112","","","","2020-07-06 14:40:00.0000000","1000001043","","","","PP","EA","TM_INT_EMP01","2020-07-01 14:40:52.0000000","TM_INT_EMP01","","","123","LBS","CUMMINS EMIS. SOLUTIONS WAU","Kenworth-Renton (Dock M)","","testing@emial.com","TM_INT_EMP01",,,,,,,,
"000000040","","US01","false","","SHRIDHARJOSH","2020-02-06 16:08:36.0000000","USD","","CALZ GUSTAVO VILDOSOLA CASTRO 2000","MEXICALI","MX","CX07","","BC","21385",,,,"IN","2020-03-23 16:08:00.0000000","","","","false","false","false","149 WATER TANK ROAD","STATESVILLE","US","NC","28677","","FIFTH WHEEL\, HOLLAND","FW17J724XL00","false","","100","","","","2020-02-24 16:08:00.0000000","1000001645","","","","","EA","SHRIDHARJOSH","2020-02-06 16:08:36.0000000","SHRIDHARJOSH","","","","LBS","MACKMOLDING COMPANY","KenMex East Receiving Dock 1 to 7",,,,,,,,,,,
"000000091","","US56","false","","TM_INT_EMP01","2020-06-24 13:46:00.0000000","USD","","Calzada Gustavo Vildosola Castro","Mexicali","MX","MX02","","BC","21385","10.000000","10.000000","10.000000","IN","2020-07-02 13:45:00.0000000","123456","","","false","false","false","3211 FRUITLAND AVE","LOS ANGELES","US","CA","90058-0843","ZWPT","FIFTH WHEEL\, HOLLAND","FW17H924XL00","false","","200","","","","2020-06-26 13:45:00.0000000","1000001404","","","","CC","EA","TM_INT_EMP01","2020-06-24 13:46:00.0000000","TM_INT_EMP01","","","200","LBS","BARKSDALE - LOS ANGELES CA","PACCAR KenFab Plant","","testing@emial.com","TM_INT_EMP01",,,,,,,,
"000000041","","US01","false","","SHRIDHARJOSH","2020-02-06 16:16:36.0000000","USD","","CALZ GUSTAVO VILDOSOLA CASTRO 2000","MEXICALI","MX","CX07","","BC","21385",,,,"IN","2020-02-24 16:16:00.0000000","","","","false","false","false","149 WATER TANK ROAD","STATESVILLE","US","NC","28677","","FIFTH WHEEL\, HOLLAND","FW17J712XL80","false","","10","","","","2020-02-10 16:16:00.0000000","1000001645","","","","","EA","SHRIDHARJOSH","2020-02-06 16:16:36.0000000","SHRIDHARJOSH","","","","LBS","MACKMOLDING COMPANY","KenMex East Receiving Dock 1 to 7",,,,,,,,,,,
"000001145","PO12345","US50","false","","TM_EXT_MCS01","2020-07-08 16:36:53.0000000","USD","CO12345","3100 Technology Dr\, Suite 100","Plano","US","US16","","TX","75074","10.000000","10.000000","10.000000","IN","2020-07-27 16:36:00.0000000","GL12345","","","false","false","false","8431 GEORGETOWN RD #100","INDIANAPOLIS","US","IN","46268","ZWPT","FIFTH WHEEL\, HOLLAND","FW17J724XL00","false","PN112354","100","","","REF12345","2020-07-13 16:36:00.0000000","1000002229","","","test instructions","CC","EA","TM_EXT_MCS01","2020-07-08 16:36:53.0000000","TM_EXT_MCS01","","","100","LBS","EATON CUMMINS AUTOMATED","Dynacraft Texas Plant","","testing@emial.com","TM_EXT_MCS01",,,,,,,,
"000000102","","US02","false","","TM_INT_EMP01","2020-06-24 15:51:49.0000000","USD","","1257 ROBERSON SPRINGS RD BLDG 1","LOUDON","US","PD02","","TN","37774","10.000000","10.000000","40.000000","IN","2020-06-29 15:51:00.0000000","","","","false","false","false","1601 NORTH 8TH STREET","RENTON","US","WA","98057-5573","ZCTN","WIRE-EXTENSION","P92-1396-0600","true","","100","","","","2020-06-24 15:51:00.0000000","1000004702","","","","TP","EA","TM_INT_EMP01","2020-06-24 15:51:49.0000000","TM_INT_EMP01","","","100","LBS","KENWORTH RENTON","National Seating","PLE","testing@emial.com","TM_INT_EMP01",,,,,,,,
"000000042","","US01","false","","SHRIDHARJOSH","2020-02-06 16:22:04.0000000","USD","","149 WATER TANK ROAD","STATESVILLE","US","1000001645","","NC","28677",,,,"IN","2020-02-17 16:21:00.0000000","","","","false","false","false","CALZ GUSTAVO VILDOSOLA CASTRO 2000","MEXICALI","MX","BC","21385","","FIFTH WHEEL-HOLLAND","FW17M712XL00","false","","10","","","","2020-02-11 16:21:00.0000000","CX07","","","","","EA","SHRIDHARJOSH","2020-02-06 16:22:04.0000000","SHRIDHARJOSH","","","","LBS","KenMex East Receiving Dock 1 to 7","MACKMOLDING COMPANY",,,,,,,,,,,
"000001146","PO12345","US50","false","","TM_EXT_MCS01","2020-07-08 16:53:47.0000000","USD","CO12345","3100 Technology Dr\, Suite 100","Plano","US","US16","","TX","75074","10.000000","10.000000","10.000000","IN","2020-07-27 16:36:00.0000000","GL12345","","","false","false","false","8431 GEORGETOWN RD #100","INDIANAPOLIS","US","IN","46268","ZWPT","FIFTH WHEEL\, HOLLAND","","false","PN112354","100","","","REF12345","2020-07-13 16:36:00.0000000","1000002229","","","test instructions","CC","EA","TM_EXT_MCS01","2020-07-08 16:53:47.0000000","TM_EXT_MCS01","","","100","LBS","EATON CUMMINS AUTOMATED","Dynacraft Texas Plant","","testing@emial.com","TM_EXT_MCS01",,,,,,,,
"000001100","","CA51","true","","TM_INT_EMP01","2020-06-24 15:54:47.0000000","USD","","1257 ROBERSON SPRINGS RD BLDG 1","LOUDON","US","PD02","","TN","37774","10.000000","10.000000","10.000000","IN","2020-06-26 15:54:00.0000000","","","","false","false","false","1601 NORTH 8TH STREET","RENTON","US","WA","98057-5573","ZDRM","HARNESS-TURN SIGNAL","P92-1139","true","","100","ECN","","","2020-06-24 15:54:00.0000000","1000004702","","","","TP","EA","TM_INT_EMP01","2020-06-24 15:54:47.0000000","TM_INT_EMP01","","","100","LBS","KENWORTH RENTON","National Seating","PLE","testing@emial.com","TM_INT_EMP01",,,,,,,,
"000000043","","US01","false","","SHRIDHARJOSH","2020-02-06 16:25:38.0000000","USD","","149 WATER TANK ROAD","STATESVILLE","US","1000001645","","NC","28677",,,,"IN","2020-02-17 16:25:00.0000000","","","","false","false","false","CALZ GUSTAVO VILDOSOLA CASTRO 2000","MEXICALI","MX","BC","21385","","FIFTH WHEEL-HOLLAND","FW17H818XL80","false","","2","","","","2020-02-10 16:25:00.0000000","CX07","","","","","EA","SHRIDHARJOSH","2020-02-06 16:25:38.0000000","SHRIDHARJOSH","","","","LBS","KenMex East Receiving Dock 1 to 7","MACKMOLDING COMPANY",,,,,,,,,,,
"000001147","","US52","false","","TM_EXT_MCS01","2020-07-14 09:25:07.0000000","USD","",". 750 HOUSER WAY NORTH","RENTON","US","1000004685","","WA","98057-5573","10.000000","10.000000","10.000000","IN","2020-07-20 09:24:00.0000000","","","","false","false","false","ATTN MC 60404","COLUMBUS","US","IN","47202-3005","ZWPT","FIFTH WHEEL\, HOLLAND","FW17J824XL00","false","","100","","","","2020-07-15 09:24:00.0000000","1000001041","","","","CC","EA","TM_EXT_MCS01","2020-07-14 09:25:07.0000000","TM_EXT_MCS01","","","1000","LBS","CUMMINS-ROCKY MTN NC","PACCAR PARTS","","testing@emial.com","TM_EXT_MCS01",,,,,,,,
"000001101","","CA51","true","","TM_INT_EMP01","2020-06-24 15:57:14.0000000","USD","","1257 ROBERSON SPRINGS RD BLDG 1","LOUDON","US","PD02","","TN","37774","10.000000","10.000000","10.000000","IN","2020-06-26 15:54:00.0000000","","","","false","false","false","1601 NORTH 8TH STREET","RENTON","US","WA","98057-5573","ZDRM","HARNESS-TURN SIGNAL","P92-1139","true","","100","ECN","","","2020-06-24 15:54:00.0000000","1000004702","","","","TP","EA","TM_INT_EMP01","2020-06-24 15:57:14.0000000","TM_INT_EMP01","","","100","LBS","KENWORTH RENTON","National Seating","PLE","testing@emial.com","TM_INT_EMP01",,,,,,,,
"000000044","","US03","false","","SHRIDHARJOSH","2020-02-06 16:29:49.0000000","USD","","3200 AIRPORT RD","DENTON","US","PD01","","TX","76207",,,,"IN","2020-02-24 16:29:00.0000000","","","","false","false","false","CALZ GUSTAVO VILDOSOLA CASTRO 2000","MEXICALI","MX","BC","21385","","LOUVER-GRILLE","F45-1002","false","","10","","","","2020-02-12 16:29:00.0000000","CX07","","","","","EA","SHRIDHARJOSH","2020-02-06 16:29:49.0000000","SHRIDHARJOSH","","","","LBS","KenMex East Receiving Dock 1 to 7","Peterbilt Motors Company",,,,,,,,,,,
"000001148","","US52","false","","TM_EXT_MCS01","2020-07-14 09:30:28.0000000","USD","","750 HOUSER WAY NORTH","RENTON","US","1000004701","","WA","98057","10.000000","10.000000","10.000000","IN","2020-07-29 09:30:00.0000000","","","","false","false","false","1801 US HWY 51","STOUGHTON","US","WI","53589","ZWPT","FIFTH WHEEL-HOLLAND","FW17H818XL00","false","","100","","","","2020-07-15 09:30:00.0000000","1000001310","","","","CC","EA","TM_EXT_MCS01","2020-07-14 09:30:28.0000000","TM_EXT_MCS01","","","2000","LBS","CUMMINS FILTRATION","PACCAR PARTS","","testing@emial.com","TM_EXT_MCS01",,,,,,,,
"000001102","","CA51","true","","TM_INT_EMP01","2020-06-24 16:13:03.0000000","USD","","1257 ROBERSON SPRINGS RD BLDG 1","LOUDON","US","PD02","","TN","37774","10.000000","10.000000","10.000000","IN","2020-06-26 15:54:00.0000000","","","","false","false","false","1601 NORTH 8TH STREET","RENTON","US","WA","98057-5573","ZDRM","JUMPER- AIR DRYER","P92-1129-0600","true","","100","ECN","","","2020-06-24 15:54:00.0000000","1000004702","","","","TP","EA","TM_INT_EMP01","2020-06-24 16:13:03.0000000","TM_INT_EMP01","","","100","LBS","KENWORTH RENTON","National Seating","PLE","testing@emial.com","TM_INT_EMP01",,,,,,,,
"000000045","","US01","false","","SHRIDHARJOSH","2020-02-06 16:32:15.0000000","USD","","800 MANOR PARK DRIVE","COLUMBUS","US","1000001593","","OH","43228",,,,"IN","2020-02-25 16:32:00.0000000","","","","false","false","false","149 WATER TANK ROAD","STATESVILLE","US","NC","28677","","GLASS T2000/387 10PK","DW1310-10","false","","23","","","","2020-02-13 16:32:00.0000000","1000001645","","","","","EA","SHRIDHARJOSH","2020-02-06 16:32:15.0000000","SHRIDHARJOSH","","","","LBS","MACKMOLDING COMPANY","CORE MFG COMPANY - MX",,,,,,,,,,,
"000001149","","US56","false","","TM_EXT_MCS01","2020-07-14 09:32:42.0000000","USD","","Calzada Gustavo Vildosola Castro","Mexicali","MX","MX02","","BC","21385","10.000000","10.000000","10.000000","IN","2020-07-28 09:32:00.0000000","","","","false","false","false","1801 US HWY 51","STOUGHTON","US","WI","53589","ZWPT","FIFTH WHEEL-HOLLAND","FW17H818XL00","false","","20","","","","2020-07-15 09:32:00.0000000","1000001310","","","","PP","EA","TM_EXT_MCS01","2020-07-14 09:32:42.0000000","TM_EXT_MCS01","","","1000","LBS","CUMMINS FILTRATION","PACCAR KenFab Plant","","testing@emial.com","TM_EXT_MCS01",,,,,,,,
"000000046","","MX01","false","","TM_EXT_MCS01","2020-02-07 15:44:48.0000000","USD","","CALZ GUSTAVO VILDOSOLA CASTRO 2000","Mexicali","MX","CX01","","BC","21385",,,,"IN","2020-02-24 15:44:00.0000000","","","","false","false","false","149 WATER TANK ROAD","STATESVILLE","US","NC","28677","","FIFTH WHEEL\, HOLLAND","FW17J824XL80","false","","23","","","","2020-02-10 15:44:00.0000000","1000001645","","","","","EA","TM_EXT_MCS01","2020-02-07 15:44:48.0000000","TM_EXT_MCS01","","","","LBS","MACKMOLDING COMPANY","KENWORTH MEXICANA",,,,,,,,,,,
"000001103","","US52","true","","TM_INT_EMP01","2020-06-25 08:19:06.0000000","USD","","1601 N 8th Ave","Renton","US","Kenworth","","WA","98057","48.000000","48.000000","48.000000","IN","2020-06-28 09:00:00.0000000","","","","false","false","false","5828 Saint Andrews Drive","Mukilteo","US","WA","98275","ZWPT","MODULE-HVAC\,SLEEPER","F31-1209","false","","1","TRL","","","2020-06-25 14:00:00.0000000","Lee Taylor","","","","CC","EA","TM_INT_EMP01","2020-06-25 08:19:06.0000000","TM_INT_EMP01","","","200","LBS","Lee Taylor","Kenworth","","testing@emial.com","TM_INT_EMP01",,,,,,,,
"000001150","","US56","false","","TM_EXT_MCS01","2020-07-14 09:57:06.0000000","USD","","6853 SOUTHLAKE PARKWAY","MORROW","US","1000004703","","GA","30260","10.000000","10.000000","10.000000","IN","2020-07-20 09:57:00.0000000","","","","false","false","false","1801 US HWY 51","STOUGHTON","US","WI","53589","ZWPT","STEEL RACK","SR200154","false","","10","","","","2020-07-15 09:57:00.0000000","1000001310","","","","PP","EA","TM_EXT_MCS01","2020-07-14 09:57:06.0000000","TM_EXT_MCS01","","","110","LBS","CUMMINS FILTRATION","PACCAR PARTS-ATLANTA","","testing@emial.com","TM_EXT_MCS01",,,,,,,,
"000000047","","MX01","false","","TM_EXT_MCS01","2020-02-07 15:52:05.0000000","USD","","CALZ GUSTAVO VILDOSOLA CASTRO 2000","Mexicali","MX","CX01","","BC","21385",,,,"IN","2020-02-24 15:51:00.0000000","","","","false","false","false","149 WATER TANK ROAD","STATESVILLE","US","NC","28677","","FILTER-FUEL","FF172FLG","false","","23","","","","2020-02-10 15:51:00.0000000","1000001645","","","","","EA","TM_EXT_MCS01","2020-02-07 15:52:05.0000000","TM_EXT_MCS01","","","","LBS","MACKMOLDING COMPANY","KENWORTH MEXICANA",,,,,,,,,,,
"000001104","","US56","false","","TM_INT_EMP01","2020-06-25 15:17:29.0000000","USD","","1257 ROBERSON SPRINGS RD BLDG 1","LOUDON","US","PD02","","TN","37774","10.000000","10.000000","10.000000","IN","2020-07-03 15:17:00.0000000","","","","false","false","false","1601 NORTH 8TH STREET","RENTON","US","WA","98057-5573","ZWPT","FIFTH WHEEL\, HOLLAND","FW17J712XL00","true","","1000","","","","2020-06-29 15:17:00.0000000","1000004702","","","","CC","EA","TM_INT_EMP01","2020-06-25 15:17:29.0000000","TM_INT_EMP01","","","2000","LBS","KENWORTH RENTON","National Seating","TRL","testing@emial.com","TM_INT_EMP01",,,,,,,,
"000000048","","US02","false","","TM_EXT_MCS01","2020-02-07 15:58:24.0000000","USD","","800 MANOR PARK DRIVE","COLUMBUS","US","1000001593","","OH","43228",,,,"IN","2020-02-18 15:58:00.0000000","","","","false","false","false","100 CHAMBER DR","CHILLICOTHE","US","OH","45601","","HARNESS- WIRE- HVAC SYSTEM","FF10000","false","","33","","","","2020-02-11 15:58:00.0000000","KC03","","","","","EA","TM_EXT_MCS01","2020-02-07 15:58:24.0000000","TM_EXT_MCS01","","","","LBS","VITATOE INDUSTRIES","CORE MFG COMPANY - MX",,,,,,,,,,,
"000001151","","US56","false","","TM_EXT_MCS01","2020-07-14 10:00:12.0000000","USD","","7400 Route Transcanadienne","ST. LAURENT","CA","CA51","","QC","H4T 1A5","10.000000","10.000000","10.000000","IN","2020-07-20 10:00:00.0000000","","","","false","false","false","1401  E DIVISION ST","NEILLSVILLE","US","WI","54456","ZWPT","Crossmember - heat exch","F11-1409","false","","200","","","","2020-07-15 10:00:00.0000000","1000001312","","","","CC","EA","TM_EXT_MCS01","2020-07-14 10:00:12.0000000","TM_EXT_MCS01","","","200","LBS","CUMMINS FILTRATION MFG -","PACCAR Parts - Montreal","","testing@emial.com","TM_EXT_MCS01",,,,,,,,
"000001105","","US52","true","","TM_INT_EMP01","2020-06-25 15:22:53.0000000","USD","","1257 ROBERSON SPRINGS RD BLDG 1","LOUDON","US","PD02","","TN","37774","10.000000","10.000000","10.000000","IN","2020-07-03 15:22:00.0000000","123456","","","false","false","false","1601 NORTH 8TH STREET","RENTON","US","WA","98057-5573","ZWPT","FIFTH WHEEL\, HOLLAND","FW17J712XL80","true","","100","FLT","","","2020-06-29 15:22:00.0000000","1000004702","","","","CC","EA","TM_INT_EMP01","2020-06-25 15:22:53.0000000","TM_INT_EMP01","","","1000","LBS","KENWORTH RENTON","National Seating","TRL","testing@emial.com","TM_INT_EMP01",,,,,,,,
"000000049","","AU01","false","","TM_EXT_MCS01","2020-02-07 16:04:40.0000000","USD","","100 CHAMBER DR","CHILLICOTHE","US","KC03","","OH","45601",,,,"IN","2020-02-26 16:04:00.0000000","","","","false","false","false","CALZ GUSTAVO VILDOSOLA CASTRO 2000","Mexicali","MX","BC","21385","","PLATE-MOUNTING BLOWER MOTOR","FC10100","false","","4","","","","2020-02-10 16:04:00.0000000","CX01","","","","","EA","TM_EXT_MCS01","2020-02-07 16:04:40.0000000","TM_EXT_MCS01","","","","LBS","KENWORTH MEXICANA","VITATOE INDUSTRIES",,,,,,,,,,,
"000001152","","US52","false","","TM_EXT_MCS01","2020-07-14 10:22:33.0000000","USD","","1601 NORTH 8TH STREET","RENTON","US","1000004702","","WA","98057-5573","30.000000","30.000000","30.000000","IN","2020-07-19 10:21:00.0000000","","","","false","false","false","3211 FRUITLAND AVE","LOS ANGELES","US","CA","90058-0843","ZCTN","EXCHANGER-HEAT-CONDENSER","F31-1267","false","","150","","","","2020-07-16 08:15:00.0000000","1000001404","","","","TP","EA","TM_EXT_MCS01","2020-07-14 10:22:33.0000000","TM_EXT_MCS01","","","2000","LBS","BARKSDALE - LOS ANGELES CA","KENWORTH RENTON","","testing@emial.com","TM_EXT_MCS01",,,,,,,,
"000001106","","US52","false","","TM_INT_EMP01","2020-06-25 16:13:45.0000000","USD","","1601 NORTH 8TH ST","RENTON","US","KR01","","WA","98055","12.000000","12.000000","12.000000","IN","2020-07-01 16:13:00.0000000","","","","false","false","false","ATTN MC 60404","COLUMBUS","US","IN","47202-3005","ZWPT","Laptop","","true","","12","","","","2020-06-29 16:13:00.0000000","1000001041","","","","CC","EA","TM_INT_EMP01","2020-06-25 16:13:45.0000000","TM_INT_EMP01","","","144","LBS","CUMMINS-ROCKY MTN NC","Kenworth-Renton (Dock M)","FAB","testing@emial.com","TM_INT_EMP01",,,,,,,,
"000000050","","CA51","false","","TM_EXT_MCS01","2020-02-07 16:09:13.0000000","USD","","600 GILLAM RD","WILMINGTON","US","1000000047","","OH","45177",,,,"IN","2020-02-25 16:08:00.0000000","","","","false","false","false","149 WATER TANK ROAD","STATESVILLE","US","NC","28677","","BUSING-IGUS 1.25\" LENGTH","RF1-1216-20","false","","35","","","","2020-02-11 16:08:00.0000000","1000001645","","","","","EA","TM_EXT_MCS01","2020-02-07 16:09:13.0000000","TM_EXT_MCS01","","","","LBS","MACKMOLDING COMPANY","RL CARRIERS",,,,,,,,,,,
"000001153","","US52","false","","TM_EXT_MCS01","2020-07-14 10:24:15.0000000","USD","","1601 NORTH 8TH STREET","RENTON","US","1000004702","","WA","98057-5573","30.000000","30.000000","30.000000","IN","2020-07-19 10:21:00.0000000","","","","false","false","false","3211 FRUITLAND AVE","LOS ANGELES","US","CA","90058-0843","ZCTN","MODULE-BASIC COOLING 1780","F31-1058-3131311","false","","150","","","","2020-07-16 08:15:00.0000000","1000001404","","","","TP","EA","TM_EXT_MCS01","2020-07-14 10:24:15.0000000","TM_EXT_MCS01","","","1500","LBS","BARKSDALE - LOS ANGELES CA","KENWORTH RENTON","","testing@emial.com","TM_EXT_MCS01",,,,,,,,
"000001107","","US52","false","","TM_INT_EMP01","2020-06-26 08:25:19.0000000","USD","","200 NATIONAL DR","VONORE","US","CM08","","TN","37885","10.000000","10.000000","10.000000","IN","2020-06-29 08:24:00.0000000","GL53345","","","false","false","false","1601 NORTH 8TH ST","RENTON","US","WA","98055","ZWPT","FIFTH WHEEL\, HOLLAND","","false","","10","","","","2020-06-26 12:25:00.0000000","KR00","","","","CC","EA","TM_INT_EMP01","2020-06-26 08:25:19.0000000","TM_INT_EMP01","","","100","LBS","KR00 - KENWORTH RENTON","NATIONAL SEATING","","testing@emial.com","TM_INT_EMP01",,,,,,,,
"000000051","","CA01","false","","TM_EXT_MCS01","2020-02-07 16:16:14.0000000","USD","","123 Street","San Mateo","US","My desk","","CA","94403",,,,"IN","2020-02-26 16:16:00.0000000","","","","false","false","false","CALZ GUSTAVO VILDOSOLA CASTRO 2000","Mexicali","MX","BC","21385","","GASKET\,AFM DEVICE","5417859CUM","false","","23","","","","2020-02-11 16:16:00.0000000","CX01","","","","","EA","TM_EXT_MCS01","2020-02-07 16:16:14.0000000","TM_EXT_MCS01","","","","LBS","KENWORTH MEXICANA","My desk",,,,,,,,,,,
"000001154","","US52","false","","TM_EXT_MCS01","2020-07-14 10:58:48.0000000","USD","","1601 NORTH 8TH STREET","RENTON","US","1000004702","","WA","98057-5573","48.000000","40.000000","50.000000","IN","2020-07-20 10:58:00.0000000","987-123-1010","","","false","false","false","3211 FRUITLAND AVE","LOS ANGELES","US","CA","90058-0843","ZCTN","COOLER - TRANS OIL - 320","F31-6195","false","","10","","","","2020-07-17 10:58:00.0000000","1000001404","","","","TP","EA","TM_EXT_MCS01","2020-07-14 10:58:48.0000000","TM_EXT_MCS01","","","1000","LBS","BARKSDALE - LOS ANGELES CA","KENWORTH RENTON","","testing@emial.com","TM_EXT_MCS01",,,,,,,,
"000001108","","US52","false","","TM_INT_EMP01","2020-06-26 12:46:53.0000000","USD","","65 KENWORTH DRIVE","CHILLICOTHE","US","KC00","","OH","45601-8829","48.000000","48.000000","48.000000","IN","2020-06-30 10:30:00.0000000","","","","false","false","false","1601 NORTH 8TH STREET","RENTON","US","WA","98057-5573","ZWPT","MODULE - HVAC\, SLEEPER","F31-1210","true","","1","","","","2020-06-28 12:46:00.0000000","1000004702","","","","TP","EA","TM_INT_EMP01","2020-06-26 12:46:53.0000000","TM_INT_EMP01","","","150","LBS","KENWORTH RENTON","KENWORTH CHILLICOTHE","ECN","testing@emial.com","TM_INT_EMP01",,,,,,,,
"000000052","","CA51","false","","TM_EXT_MCS01","2020-02-11 10:35:41.0000000","USD","","800 MANOR PARK DRIVE","COLUMBUS","US","1000001593","","OH","43228",,,,"IN","2020-02-25 10:35:00.0000000","","","","false","false","false","149 WATER TANK ROAD","STATESVILLE","US","NC","28677","","FIFTH WHEEL\, HOLLAND","FW17H836XL00","false","","23","","","","2020-02-13 10:35:00.0000000","1000001645","","","","","EA","TM_EXT_MCS01","2020-02-11 10:35:41.0000000","TM_EXT_MCS01","","","","LBS","MACKMOLDING COMPANY","CORE MFG COMPANY - MX",,,,,,,,,,,
"000001155","","US03","false","","TM_INT_EMP01","2020-07-14 11:05:11.0000000","USD","","3200 AIRPORT ROAD","DENTON","US","1000004700","","TX","76207","48.000000","40.000000","50.000000","IN","2020-07-20 11:04:00.0000000","987-123-1010","","","false","false","false","3211 FRUITLAND AVE","LOS ANGELES","US","CA","90058-0843","ZCTN","EXCHANGER-HEAT-CONDENSER","F31-1267","true","","100","","","","2020-07-17 10:04:00.0000000","1000001404","","","","CC","EA","TM_INT_EMP01","2020-07-14 11:05:11.0000000","TM_INT_EMP01","","","1600","LBS","BARKSDALE - LOS ANGELES CA","PETERBILT DENTON","","testing@emial.com","TM_INT_EMP01",,,,,,,,
"000000053","","CA51","false","","TM_EXT_MCS01","2020-02-11 10:40:12.0000000","USD","","","San Mateo","US","my cubicle","","CA","94403",,,,"IN","2020-02-26 10:40:00.0000000","","","","false","false","false","149 WATER TANK ROAD","STATESVILLE","US","NC","28677","","FIFTH WHEEL","FW17J812XL00","false","","23","","","","2020-02-17 10:40:00.0000000","1000001645","","","","","EA","TM_EXT_MCS01","2020-02-11 10:40:12.0000000","TM_EXT_MCS01","","","","LBS","MACKMOLDING COMPANY","my cubicle",,,,,,,,,,,
"000001109","","US50","false","","TM_INT_EMP01","2020-06-30 08:59:41.0000000","USD","","3200 AIRPORT ROAD","DENTON","US","1000004700","","TX","76207","56.000000","60.000000","56.000000","IN","2020-07-03 08:00:00.0000000","","","","false","false","false","1601 NORTH 8TH STREET","RENTON","US","WA","98057-5573","ZSTR","KIT-ESPAR ROUTINGS","F31-1252-6005","false","","5","","","","2020-07-01 09:00:00.0000000","1000004702","","","","TP","EA","TM_INT_EMP01","2020-06-30 08:59:41.0000000","TM_INT_EMP01","","","2000","LBS","KENWORTH RENTON","PETERBILT DENTON","","testing@emial.com","TM_INT_EMP01",,,,,,,,
"000000054","","AU01","false","","TM_EXT_MCS01","2020-02-11 10:43:45.0000000","USD","","65 KENWORTH DR","san mateo","US","desk1111","","CA","94403",,,,"IN","2020-02-25 10:43:00.0000000","","","","false","false","false","149 WATER TANK ROAD","STATESVILLE","US","NC","28677","","FIFTH WHEEL\, HOLLAND","FW17J912XL00","false","","23","","","","2020-02-12 10:43:00.0000000","1000001645","","","","","EA","TM_EXT_MCS01","2020-02-11 10:43:45.0000000","TM_EXT_MCS01","","","","LBS","MACKMOLDING COMPANY","desk1111",,,,,,,,,,,
"000001156","","US03","false","","TM_INT_EMP01","2020-07-14 11:05:58.0000000","USD","","3200 AIRPORT ROAD","DENTON","US","1000004700","","TX","76207","48.000000","40.000000","50.000000","IN","2020-07-20 11:04:00.0000000","987-123-1010","","","false","false","false","3211 FRUITLAND AVE","LOS ANGELES","US","CA","90058-0843","ZCTN","MODULE-BASIC COOLING 1780","F31-1058-3201311","true","","200","","","","2020-07-17 10:04:00.0000000","1000001404","","","","CC","EA","TM_INT_EMP01","2020-07-14 11:05:58.0000000","TM_INT_EMP01","","","2000","LBS","BARKSDALE - LOS ANGELES CA","PETERBILT DENTON","","testing@emial.com","TM_INT_EMP01",,,,,,,,
"000001110","","US50","false","","TM_INT_EMP01","2020-06-30 09:00:34.0000000","USD","","3200 AIRPORT ROAD","DENTON","US","1000004700","","TX","76207","56.000000","60.000000","56.000000","IN","2020-07-03 08:00:00.0000000","","","","false","false","false","1601 NORTH 8TH STREET","RENTON","US","WA","98057-5573","ZSTR","KIT-ESPAR ROUTINGS","F31-1252-6004","true","","5","","","","2020-07-01 09:00:00.0000000","1000004702","","","","TP","EA","TM_INT_EMP01","2020-06-30 09:00:34.0000000","TM_INT_EMP01","","","2000","LBS","KENWORTH RENTON","PETERBILT DENTON","PVL","testing@emial.com","TM_INT_EMP01",,,,,,,,
"000000055","","AU01","false","","TM_EXT_MCS01","2020-02-11 10:53:54.0000000","USD","","65 KENWORTH DRIVE","CHILLICOTHE","US","KC00","","OH","45601-8829","12.000000","12.000000","12.000000","IN","2020-02-28 10:52:00.0000000","","","","false","false","false","34211 KATY FREEWAY","BROOKSHIRE","US","TX","77423","ZCTN","FILTER-FUEL\, SPIN-ON","FF168FLG","false","","23","","","","2020-02-18 10:52:00.0000000","1000000031","","","","","EA","TM_EXT_MCS01","2020-02-11 10:53:54.0000000","TM_EXT_MCS01","","","1500","LBS","CLEVELAND MACK SALES INC","KENWORTH CHILLICOTHE",,,,,,,,,,,
"000001111","","US50","false","","TM_INT_EMP01","2020-06-30 09:16:12.0000000","USD","","3200 AIRPORT ROAD","DENTON","US","1000004700","","TX","76207","56.000000","60.000000","56.000000","IN","2020-07-03 08:00:00.0000000","","","","false","false","false","1601 NORTH 8TH STREET","RENTON","US","WA","98057-5573","ZSTR","KIT-ESPAR ROUTINGS","F31-1252-6003","true","","5","","","","2020-07-01 09:00:00.0000000","1000004702","","","","TP","EA","TM_INT_EMP01","2020-06-30 09:16:12.0000000","TM_INT_EMP01","","","2000","LBS","KENWORTH RENTON","PETERBILT DENTON","PVL","testing@emial.com","TM_INT_EMP01",,,,,,,,
"000001157","","US03","false","","TM_INT_EMP01","2020-07-14 11:06:53.0000000","USD","","3200 AIRPORT ROAD","DENTON","US","1000004700","","TX","76207","48.000000","40.000000","50.000000","IN","2020-07-20 11:04:00.0000000","987-123-1010","","","false","false","false","3211 FRUITLAND AVE","LOS ANGELES","US","CA","90058-0843","ZCTN","MODULE-BASIC COOLING 1780","F31-1058-3211231","true","","100","","","","2020-07-17 10:04:00.0000000","1000001404","","","","CC","EA","TM_INT_EMP01","2020-07-14 11:06:53.0000000","TM_INT_EMP01","","","2000","LBS","BARKSDALE - LOS ANGELES CA","PETERBILT DENTON","","testing@emial.com","TM_INT_EMP01",,,,,,,,
"000000056","","AU01","false","","TM_EXT_MCS01","2020-02-11 15:47:38.0000000","USD","","65 KENWORTH DRIVE","CHILLICOTHE","US","KC00","","OH","45601-8829",,,,"IN","2020-02-25 15:47:00.0000000","","","","false","false","false","149 WATER TANK ROAD","STATESVILLE","US","NC","28677","","FIFTH WHEEL\, HOLLAND","FW17J824XL80","false","","23","","","","2020-02-17 15:47:00.0000000","1000001645","","","","","EA","TM_EXT_MCS01","2020-02-11 15:47:38.0000000","TM_EXT_MCS01","","","","LBS","MACKMOLDING COMPANY","KENWORTH CHILLICOTHE",,,,,,,,,,,
"000001112","","US50","false","","TM_INT_EMP01","2020-06-30 09:18:58.0000000","USD","","3200 AIRPORT ROAD","DENTON","US","1000004700","","TX","76207","56.000000","60.000000","56.000000","IN","2020-07-03 08:00:00.0000000","","","","false","false","false","1601 NORTH 8TH STREET","RENTON","US","WA","98057-5573","ZSTR","MODULE - INTAKE\, AIR","F31-1228","true","","5","","","","2020-07-01 09:00:00.0000000","1000004702","","","","TP","EA","TM_INT_EMP01","2020-06-30 09:18:58.0000000","TM_INT_EMP01","","","2000","LBS","KENWORTH RENTON","PETERBILT DENTON","PVL","testing@emial.com","TM_INT_EMP01",,,,,,,,
"000001158","","US03","false","","TM_INT_EMP01","2020-07-14 11:57:54.0000000","USD","","3200 AIRPORT RD","DENTON","US","PD00","","TX","76205","48.000000","40.000000","560000.000000","IN","2020-07-22 12:00:00.0000000","","","","false","false","false","3211 FRUITLAND AVE","LOS ANGELES","US","CA","90058-0843","ZCTN","HVAC UNIT - CAB","F31-1293-11112","true","","100","","","","2020-07-20 09:00:00.0000000","1000001404","","","","CC","EA","TM_INT_EMP01","2020-07-14 11:57:54.0000000","TM_INT_EMP01","","","2000","LBS","BARKSDALE - LOS ANGELES CA","PD00 - PETERBILT DENTON","","testing@emial.com","TM_INT_EMP01",,,,,,,,
"000000057","","AU01","false","","TM_EXT_MCS01","2020-02-11 15:49:10.0000000","USD","","6830 MARTINA ROAD","MINNESOTA CITY","US","1000000102","","MN","55959",,,,"IN","2020-02-28 15:49:00.0000000","","","","false","false","false","149 WATER TANK ROAD","STATESVILLE","US","NC","28677","","FILTER-FUEL","FF185FLG","false","","33","","","","2020-02-17 15:49:00.0000000","1000001645","","","","","EA","TM_EXT_MCS01","2020-02-11 15:49:10.0000000","TM_EXT_MCS01","","","","LBS","MACKMOLDING COMPANY","RIHM KENWORTH",,,,,,,,,,,
"000001113","","US50","false","","TM_INT_EMP01","2020-06-30 09:23:41.0000000","USD","","3200 AIRPORT ROAD","DENTON","US","1000004700","","TX","76207","56.000000","60.000000","56.000000","IN","2020-07-03 08:00:00.0000000","","","","false","false","false","1601 NORTH 8TH STREET","RENTON","US","WA","98057-5573","ZSTR","DOOR-PANEL","F31-1170-06","true","","5","","","","2020-07-01 09:00:00.0000000","1000004702","","","","TP","EA","TM_INT_EMP01","2020-06-30 09:23:41.0000000","TM_INT_EMP01","","","2000","LBS","KENWORTH RENTON","PETERBILT DENTON","PVL","testing@emial.com","TM_INT_EMP01",,,,,,,,
"000001159","","US03","false","","TM_INT_EMP01","2020-07-14 11:58:58.0000000","USD","","3200 AIRPORT RD","DENTON","US","PD00","","TX","76205","48.000000","40.000000","560000.000000","IN","2020-07-22 12:00:00.0000000","","","","false","false","false","3211 FRUITLAND AVE","LOS ANGELES","US","CA","90058-0843","ZCTN","MODULE-BASIC COOLING 1300","F31-6092-2434641","true","","80","","","","2020-07-20 09:00:00.0000000","1000001404","","","","CC","EA","TM_INT_EMP01","2020-07-14 11:58:58.0000000","TM_INT_EMP01","","","1600","LBS","BARKSDALE - LOS ANGELES CA","PD00 - PETERBILT DENTON","","testing@emial.com","TM_INT_EMP01",,,,,,,,
"000000058","","CA01","false","","TM_EXT_MCS01","2020-02-11 15:51:40.0000000","USD","","CALZ GUSTAVO VILDOSOLA CASTRO 2000","Mexicali","MX","CX01","","BC","21385","12.000000","12.000000","12.000000","IN","2020-03-04 15:51:00.0000000","","","","false","false","false","149 WATER TANK ROAD","STATESVILLE","US","NC","28677","ZCTN","FILTER-FUEL\, SPIN-ON","FF168FLG","false","","23","","","","2020-02-19 15:51:00.0000000","1000001645","","","","","EA","TM_EXT_MCS01","2020-02-11 15:51:40.0000000","TM_EXT_MCS01","","","","LBS","MACKMOLDING COMPANY","KENWORTH MEXICANA",,,,,,,,,,,
"000001114","","US50","false","","TM_INT_EMP01","2020-06-30 09:30:29.0000000","USD","","3200 AIRPORT ROAD","DENTON","US","1000004700","","TX","76207","56.000000","60.000000","56.000000","IN","2020-07-03 08:00:00.0000000","","","","false","false","false","1601 NORTH 8TH STREET","RENTON","US","WA","98057-5573","ZSTR","MODULE - HVAC\, SLEEPER","F31-1210","true","","5","","","","2020-07-01 09:00:00.0000000","1000004702","","","","TP","EA","TM_INT_EMP01","2020-06-30 09:30:29.0000000","TM_INT_EMP01","","","2000","LBS","KENWORTH RENTON","PETERBILT DENTON","PVL","testing@emial.com","TM_INT_EMP01",,,,,,,,
"000001160","","US03","false","","TM_INT_EMP01","2020-07-14 11:59:41.0000000","USD","","3200 AIRPORT RD","DENTON","US","PD00","","TX","76205","48.000000","40.000000","560000.000000","IN","2020-07-22 12:00:00.0000000","","","","false","false","false","3211 FRUITLAND AVE","LOS ANGELES","US","CA","90058-0843","ZCTN","Module-Basic Cooling 1300","F31-6092-2131641","true","","300","","","","2020-07-20 09:00:00.0000000","1000001404","","","","CC","EA","TM_INT_EMP01","2020-07-14 11:59:41.0000000","TM_INT_EMP01","","","2600","LBS","BARKSDALE - LOS ANGELES CA","PD00 - PETERBILT DENTON","","testing@emial.com","TM_INT_EMP01",,,,,,,,
"000000059","","CA01","false","","TM_EXT_MCS01","2020-02-11 15:56:14.0000000","USD","","920 SE 9TH AVE","ONTARIO","US","1000000012","","OR","97914",,,,"IN","2020-02-27 15:56:00.0000000","","","","false","false","false","149 WATER TANK ROAD","STATESVILLE","US","NC","28677","","FIFTH WHEEL\, HOLLAND","FW17J924XL00","false","","23","","","","2020-02-13 15:56:00.0000000","1000001645","","","","","EA","TM_EXT_MCS01","2020-02-11 15:56:14.0000000","TM_EXT_MCS01","","","","LBS","MACKMOLDING COMPANY","KENWORTH SALES COMPANY ONTARIO",,,,,,,,,,,
"000001115","","US50","false","","TM_INT_EMP01","2020-06-30 09:46:23.0000000","USD","","3200 AIRPORT ROAD","DENTON","US","1000004700","","TX","76207","56.000000","60.000000","56.000000","IN","2020-07-03 08:00:00.0000000","","","","false","false","false","1601 NORTH 8TH STREET","RENTON","US","WA","98057-5573","ZCTN","MODULE-HVAC\,SLEEPER","F31-1209","true","","5","","","","2020-07-01 09:00:00.0000000","1000004702","","","","TP","EA","TM_INT_EMP01","2020-06-30 09:46:23.0000000","TM_INT_EMP01","","","2000","LBS","KENWORTH RENTON","PETERBILT DENTON","PVL","testing@emial.com","TM_INT_EMP01",,,,,,,,
"000001161","","US03","false","","TM_INT_EMP01","2020-07-14 12:00:22.0000000","USD","","3200 AIRPORT RD","DENTON","US","PD00","","TX","76205","48.000000","40.000000","560000.000000","IN","2020-07-22 12:00:00.0000000","","","","false","false","false","3211 FRUITLAND AVE","LOS ANGELES","US","CA","90058-0843","ZCTN","WIRE-JUMPER ALT+270A","P92-1927-34-1200","true","","1000","","","","2020-07-20 09:00:00.0000000","1000001404","","","","CC","EA","TM_INT_EMP01","2020-07-14 12:00:22.0000000","TM_INT_EMP01","","","2600","LBS","BARKSDALE - LOS ANGELES CA","PD00 - PETERBILT DENTON","","testing@emial.com","TM_INT_EMP01",,,,,,,,
"000000060","","AU01","false","","TM_EXT_MCS01","2020-02-11 16:01:40.0000000","USD","","65 KENWORTH DR","san mateo","US","test223434534","","CA","94403",,,,"IN","2020-02-28 16:01:00.0000000","","","","false","false","false","149 WATER TANK ROAD","STATESVILLE","US","NC","28677","","FILTER-FUEL\, SPIN-ON","FF168FLG","false","","44","","","","2020-02-17 16:01:00.0000000","1000001645","","","","","EA","TM_EXT_MCS01","2020-02-11 16:01:40.0000000","TM_EXT_MCS01","","","","LBS","MACKMOLDING COMPANY","test223434534",,,,,,,,,,,
"000001116","","US50","false","","TM_INT_EMP01","2020-06-30 10:30:16.0000000","USD","","3200 AIRPORT ROAD","DENTON","US","1000004700","","TX","76207","56.000000","60.000000","56.000000","IN","2020-07-03 08:00:00.0000000","","","","false","false","false","1601 NORTH 8TH STREET","RENTON","US","WA","98057-5573","ZCTN","MODULE-BASIC COOLING 1325","F31-1254-1101211","false","","3","","","","2020-07-01 09:00:00.0000000","1000004702","","","","TP","EA","TM_INT_EMP01","2020-06-30 10:30:16.0000000","TM_INT_EMP01","","","1600","LBS","KENWORTH RENTON","PETERBILT DENTON","","testing@emial.com","TM_INT_EMP01",,,,,,,,
"000001162","","US56","false","","TM_INT_EMP01","2020-07-14 12:06:06.0000000","USD","","750 HOUSER WAY NORTH","RENTON","US","1000004701","","WA","98057","10.000000","10.000000","10.000000","IN","2020-07-21 12:05:00.0000000","","","","false","false","false","1801 US HWY 51","STOUGHTON","US","WI","53589","ZWPT","FIFTH WHEEL\, HOLLAND","FW17J712XL80","false","","100","","","","2020-07-15 12:05:00.0000000","1000001310","","","","CC","EA","TM_INT_EMP01","2020-07-14 12:06:06.0000000","TM_INT_EMP01","","","200","LBS","CUMMINS FILTRATION","PACCAR PARTS","","testing@emial.com","TM_INT_EMP01",,,,,,,,
"000000061","","US03","false","","TM_EXT_MCS01","2020-02-11 16:05:44.0000000","USD","","65 KENWORTH DRIVE","CHILLICOTHE","US","KC00","","OH","45601-8829",,,,"IN","2020-02-28 16:05:00.0000000","","","","false","false","false","149 WATER TANK ROAD","STATESVILLE","US","NC","28677","","FILTER-FUEL","FF149FLG","false","","33","","","","2020-02-17 16:05:00.0000000","1000001645","","","","","EA","TM_EXT_MCS01","2020-02-11 16:05:44.0000000","TM_EXT_MCS01","","","","LBS","MACKMOLDING COMPANY","KENWORTH CHILLICOTHE",,,,,,,,,,,
"000001117","","US50","false","","TM_INT_EMP01","2020-06-30 10:31:03.0000000","USD","","3200 AIRPORT ROAD","DENTON","US","1000004700","","TX","76207","56.000000","60.000000","56.000000","IN","2020-07-03 08:00:00.0000000","","","","false","false","false","1601 NORTH 8TH STREET","RENTON","US","WA","98057-5573","ZCTN","MODULE - INTAKE\, AIR","F31-1228","false","","4","","","","2020-07-01 09:00:00.0000000","1000004702","","","","TP","EA","TM_INT_EMP01","2020-06-30 10:31:03.0000000","TM_INT_EMP01","","","1200","LBS","KENWORTH RENTON","PETERBILT DENTON","","testing@emial.com","TM_INT_EMP01",,,,,,,,
"000001163","","US03","false","","TM_EXT_MCS01","2020-07-15 09:52:36.0000000","USD","","3200 AIRPORT RD","DENTON","US","PD00","","TX","76205","40.000000","40.000000","40.000000","IN","2020-07-20 08:00:00.0000000","","","","false","false","false","3211 FRUITLAND AVE","LOS ANGELES","US","CA","90058-0843","ZCTN","COOLER-CHARGE AIR","F31-1047","false","","10","","","","2020-07-17 11:30:00.0000000","1000001404","","","","CC","EA","TM_EXT_MCS01","2020-07-15 09:52:36.0000000","TM_EXT_MCS01","","","600","LBS","BARKSDALE - LOS ANGELES CA","PD00 - PETERBILT DENTON","","testing@emial.com","TM_EXT_MCS01",,,,,,,,
"000000062","","CA51","false","","TM_EXT_MCS01","2020-02-11 16:21:43.0000000","USD","","CALZ GUSTAVO VILDOSOLA CASTRO 2000","Mexicali","MX","CX01","","BC","21385",,,,"IN","2020-02-21 16:21:00.0000000","","","","false","false","false","149 WATER TANK ROAD","STATESVILLE","US","NC","28677","","GREASE SEAL","12369","false","","5","","","","2020-02-11 16:21:33.0000000","1000001645","","","","","EA","TM_EXT_MCS01","2020-02-11 16:21:43.0000000","TM_EXT_MCS01","","","","LBS","MACKMOLDING COMPANY","KENWORTH MEXICANA",,,,,,,,,,,
"000001118","","US50","false","","TM_INT_EMP01","2020-06-30 10:32:23.0000000","USD","","3200 AIRPORT ROAD","DENTON","US","1000004700","","TX","76207","56.000000","60.000000","56.000000","IN","2020-07-03 08:00:00.0000000","","","","false","false","false","1601 NORTH 8TH STREET","RENTON","US","WA","98057-5573","ZCTN","Cooler-MD Oil\,Transmissio","F31-6187","true","","3","","","","2020-07-01 09:00:00.0000000","1000004702","","","","TP","EA","TM_INT_EMP01","2020-06-30 10:32:23.0000000","TM_INT_EMP01","","","700","LBS","KENWORTH RENTON","PETERBILT DENTON","PLE","testing@emial.com","TM_INT_EMP01",,,,,,,,
"000001164","","US03","false","","TM_EXT_MCS01","2020-07-15 09:53:32.0000000","USD"," ","3200 AIRPORT RD","DENTON","US","PD00","","TX","76205","40.000000","40.000000","40.000000","IN","2020-07-20 08:00:00.0000000","","","","false","false","false","3211 FRUITLAND AVE","LOS ANGELES","US","CA","90058-0843","ZCTN","HEATER/AIR CONDITIONER ASSY-CAB 12V","F31-1064-12101","false","","20","","","","2020-07-17 11:30:00.0000000","1000001404","","","","CC","EA","TM_EXT_MCS01","2020-07-15 09:53:32.0000000","TM_EXT_MCS01","","","1000","LBS","BARKSDALE - LOS ANGELES CA","PD00 - PETERBILT DENTON","","testing@emial.com","TM_EXT_MCS01",,,,,,,,
"000000063","","AU01","false","","TM_EXT_MCS01","2020-02-11 21:45:35.0000000","USD","","STreet","City","US","Venkaetsh Test Portal","","WA","98654",,,,"IN","2020-02-28 21:45:00.0000000","","","","false","false","false","34211 KATY FREEWAY","BROOKSHIRE","US","TX","77423","","FILTER-FUEL","FF182FLG","false","","12","","","","2020-02-12 21:45:00.0000000","1000001645","","","","","EA","TM_EXT_MCS01","2020-02-11 21:45:35.0000000","TM_EXT_MCS01","","","","LBS","MACKMOLDING COMPANY","Venkaetsh Test Portal",,,,,,,,,,,
"000001119","","US50","false","","TM_INT_EMP01","2020-06-30 10:39:04.0000000","USD","","3200 AIRPORT ROAD","DENTON","US","1000004700","","TX","76207","56.000000","60.000000","56.000000","IN","2020-07-03 08:00:00.0000000","","","","false","false","false","1601 NORTH 8TH STREET","RENTON","US","WA","98057-5573","ZCTN","MODULE-BASIC COOLING 1780","F31-1058-3131311","true","","5","","","","2020-07-01 09:00:00.0000000","1000004702","","","","TP","EA","TM_INT_EMP01","2020-06-30 10:39:04.0000000","TM_INT_EMP01","","","2000","LBS","KENWORTH RENTON","PETERBILT DENTON","PVL","testing@emial.com","TM_INT_EMP01",,,,,,,,
"000000064","","CA51","false","","TM_EXT_MCS01","2020-02-11 21:49:05.0000000","USD","","Address","City","US","VV1","","WA","98796",,,,"IN","2020-02-28 21:48:00.0000000","","","","false","false","false","149 WATER TANK ROAD","STATESVILLE","US","NC","28677","","FILTER-FUEL","FF185FLG","false","","12","","","","2020-02-11 21:48:56.0000000","1000001645","","","","","EA","TM_EXT_MCS01","2020-02-11 21:49:05.0000000","TM_EXT_MCS01","","","","LBS","MACKMOLDING COMPANY","VV1",,,,,,,,,,,
"000001165","","US56","false","","TM_INT_EMP01","2020-07-15 14:51:22.0000000","USD","","7400 Route Transcanadienne","ST. LAURENT","CA","CA51","","QC","H4T 1A5","10.000000","10.000000","10.000000","IN","2020-07-28 14:51:00.0000000","","","","false","false","false","ATTN MC 60404","COLUMBUS","US","IN","47202-3005","ZWPT","FIFTH WHEEL\, HOLLAND","FW17J724XL00","false","","12","","","","2020-07-16 14:51:00.0000000","1000001041","","","","CC","EA","TM_INT_EMP01","2020-07-15 14:51:22.0000000","TM_INT_EMP01","","","200","LBS","CUMMINS-ROCKY MTN NC","PACCAR Parts - Montreal","","testing@emial.com","TM_INT_EMP01",,,,,,,,
"000001120","","US52","true","","TM_INT_EMP01","2020-06-30 23:44:45.0000000","USD","","1257 ROBERSON SPRINGS RD BLDG 1","LOUDON","US","PD02","","TN","37774","10.000000","10.000000","10.000000","IN","2020-07-03 15:22:00.0000000","123456","","","false","false","false","1601 NORTH 8TH STREET","RENTON","US","WA","98057-5573","ZWPT","AXLE-WELDMENT","AXLE-WELDMENT","true","","100","FLT","","","2020-06-29 15:22:00.0000000","1000004702","","","","CC","EA","TM_INT_EMP01","2020-06-30 23:44:45.0000000","TM_INT_EMP01","","","1000","LBS","KENWORTH RENTON","National Seating","TRL","testing@emial.com","TM_INT_EMP01",,,,,,,,
"000000065","","AU01","false","","TM_EXT_MCS01","2020-02-11 22:29:30.0000000","USD","","CALZ GUSTAVO VILDOSOLA CASTRO 2000","Mexicali","MX","CX01","","BC","21385",,,,"IN","2020-02-28 22:29:00.0000000","","","","false","false","false","149 WATER TANK ROAD","STATESVILLE","US","NC","28677","","JUMPER- ELECTRONIC LOCK I","EE12015-4","false","","10","","","","2020-02-12 22:29:00.0000000","1000001645","","","","","EA","TM_EXT_MCS01","2020-02-11 22:29:30.0000000","TM_EXT_MCS01","","","","LBS","MACKMOLDING COMPANY","KENWORTH MEXICANA",,,,,,,,,,,
"000001166","","US52","false","","TM_EXT_MCS01","2020-07-16 09:15:44.0000000","USD","","1601 NORTH 8TH ST","RENTON","US","KR00","","WA","98055","50.000000","50.000000","50.000000","IN","2020-07-20 12:00:00.0000000","","","","false","false","false","3211 FRUITLAND AVE","LOS ANGELES","US","CA","90058-0843","ZCTN","KIT-ESPAR ROUTINGS","F31-1252-6002","false","","10","","","","2020-07-17 10:00:00.0000000","1000001404","","","","TP","EA","TM_EXT_MCS01","2020-07-16 09:15:44.0000000","TM_EXT_MCS01","","","500","LBS","BARKSDALE - LOS ANGELES CA","KR00 - KENWORTH RENTON","","testing@emial.com","TM_EXT_MCS01",,,,,,,,
"000001121","","US52","true","","TM_INT_EMP01","2020-06-30 23:46:46.0000000","USD","","1257 ROBERSON SPRINGS RD BLDG 1","LOUDON","US","PD02","","TN","37774","10.000000","10.000000","10.000000","IN","2020-07-03 15:22:00.0000000","123456","","","false","false","false","1601 NORTH 8TH STREET","RENTON","US","WA","98057-5573","ZWPT","AXLE-WELDMENT","AXLE-WELDMENT","true","","100","FLT","","","2020-06-29 15:22:00.0000000","1000004702","","","","CC","EA","TM_INT_EMP01","2020-06-30 23:46:46.0000000","TM_INT_EMP01","","","1000","LBS","KENWORTH RENTON","National Seating","TRL","testing@emial.com","TM_INT_EMP01",,,,,,,,
"000000066","","AU01","false","","TM_EXT_MCS01","2020-02-12 12:10:32.0000000","USD","","CALZ GUSTAVO VILDOSOLA CASTRO 2000","Mexicali","MX","CX01","","BC","21385",,,,"IN","2020-02-14 12:10:00.0000000","","","","false","false","false","149 WATER TANK ROAD","STATESVILLE","US","NC","28677","","JUMPER- ELECTRONIC LOCK I","EE12015-4","false","","10","","","","2020-02-13 12:10:00.0000000","1000001645","","","","","EA","TM_EXT_MCS01","2020-02-12 12:10:32.0000000","TM_EXT_MCS01","","","","LBS","MACKMOLDING COMPANY","KENWORTH MEXICANA",,,,,,,,,,,
"000001167","","US52","false","","TM_EXT_MCS01","2020-07-16 09:16:30.0000000","USD","","1601 NORTH 8TH ST","RENTON","US","KR00","","WA","98055","50.000000","50.000000","50.000000","IN","2020-07-20 12:00:00.0000000","","","","false","false","false","3211 FRUITLAND AVE","LOS ANGELES","US","CA","90058-0843","ZCTN","MODULE-BASIC COOLING 1325","F31-1254-1111211","false","","15","","","","2020-07-17 10:00:00.0000000","1000001404","","","","TP","EA","TM_EXT_MCS01","2020-07-16 09:16:30.0000000","TM_EXT_MCS01","","","800","LBS","BARKSDALE - LOS ANGELES CA","KR00 - KENWORTH RENTON","","testing@emial.com","TM_EXT_MCS01",,,,,,,,
"000001122","","US50","false","","TM_INT_EMP01","2020-07-01 00:18:48.0000000","USD","","3200 AIRPORT ROAD","DENTON","US","1000004700","","TX","76207","56.000000","60.000000","56.000000","IN","2020-07-03 08:00:00.0000000","","","","false","false","false","1601 NORTH 8TH STREET","RENTON","US","WA","98057-5573","ZCTN","AXLE-WELDMENT","AXLE-WELDMENT","true","","5","","","","2020-07-01 09:00:00.0000000","1000004702","","","","TP","EA","TM_INT_EMP01","2020-07-01 00:18:48.0000000","TM_INT_EMP01","","","2000","LBS","KENWORTH RENTON","PETERBILT DENTON","PVL","testing@emial.com","TM_INT_EMP01",,,,,,,,
"000000067","","CA51","false","","TM_EXT_MCS01","2020-02-11 22:51:45.0000000","USD","","CALZ GUSTAVO VILDOSOLA CASTRO 2000","Mexicali","MX","CX01","","BC","21385",,,,"IN","2020-02-28 22:51:00.0000000","","","","false","false","false","149 WATER TANK ROAD","STATESVILLE","US","NC","28677","","ECM\, ELI SENSOR","EE12176","false","","25","","","","2020-02-19 22:51:00.0000000","1000001645","","","","","EA","TM_EXT_MCS01","2020-02-11 22:51:45.0000000","TM_EXT_MCS01","","","","LBS","MACKMOLDING COMPANY","KENWORTH MEXICANA",,,,,,,,,,,
"000001168","","US50","false","","TM_EXT_SUP01","2020-07-21 15:37:25.0000000","USD","","Calzada Gustavo Vildosola Castro","Mexicali","MX","MX02","","BC","21385","13.000000","14.000000","12.000000","IN","2020-07-29 15:37:00.0000000","","","","false","false","false","3535 ARGENTINA ROAD","MISSISSAUGA","CA","ON","L5N 0G6","ZWPT","KW 76\" SLEEPER W/ FACTORY REFRIGERATOR","U92-1029-99REF1","true","","12","","","","2020-07-21 15:37:00.0000000","1000002488","","","","CC","EA","TM_EXT_SUP01","2020-07-21 15:37:25.0000000","TM_EXT_SUP01","","","12","LBS","PACCAR PARTS TORONTO","PACCAR KenFab Plant","GPT","testing@emial.com","TM_EXT_SUP01",,,,,,,,
"000000068","","US03","false","","SHRIDHARJOSH","2020-02-15 18:29:48.0000000","USD","","Airport Road","Denton","US","US03","","TX","76207",,,,"IN","2020-03-10 18:29:00.0000000","","","","false","false","false","Calzada Gustavo Vildosola Castro","Mexicali","MX","BC","21385","","BRACKET-LOWER PIPE","F11-6258","false","","100","","","","2020-02-29 18:29:00.0000000","MX02","","","","","EA","SHRIDHARJOSH","2020-02-15 18:29:48.0000000","SHRIDHARJOSH","","","","LBS","PACCAR KenFab Plant","Peterbilt Denton",,,,,,,,,,,
"000001123","","CA51","true","","TM_INT_EMP01","2020-07-01 00:19:57.0000000","USD","","1257 ROBERSON SPRINGS RD BLDG 1","LOUDON","US","PD02","","TN","37774","10.000000","10.000000","10.000000","IN","2020-06-26 15:54:00.0000000","","","","false","false","false","1601 NORTH 8TH STREET","RENTON","US","WA","98057-5573","ZDRM","AXLE-WELDMENT","AXLE-WELDMENT","true","","100","ECN","","","2020-06-24 15:54:00.0000000","1000004702","","","","TP","EA","TM_INT_EMP01","2020-07-01 00:19:57.0000000","TM_INT_EMP01","","","100","LBS","KENWORTH RENTON","National Seating","PLE","testing@emial.com","TM_INT_EMP01",,,,,,,,
"000001169","","US02","false","","TM_EXT_MCS01","2020-07-22 15:37:14.0000000","USD","","920 SE 9TH AVE","ONTARIO","US","1000000012","","OR","97914","10.000000","10.000000","10.000000","IN","2020-08-01 15:37:00.0000000","","","","false","false","false","ATTN MC 60404","COLUMBUS","US","IN","47202-3005","ZWPT","Rack\, 2007 Cooling Module MD","SR131006","false","","13","","","","2020-07-23 15:37:00.0000000","1000001041","","","","PP","EA","TM_EXT_MCS01","2020-07-22 15:37:14.0000000","TM_EXT_MCS01","","","120","LBS","CUMMINS-ROCKY MTN NC","KENWORTH SALES COMPANY ONTARIO","","testing@emial.com","TM_EXT_MCS01",,,,,,,,
"000000002","","KC00","false","","MANJULAARAMA","2020-01-08 21:01:36.0000000","USD","","","","","AU","","","",,,,"IN","2020-01-29 21:01:00.0000000","","","","false","false","false","test1","test1","AR","test1","12345","","ydeik","","false","","7","","","","2020-01-16 21:01:00.0000000","NewTest","","","","","EA","MANJULAARAMA","2020-01-08 21:01:36.0000000","MANJULAARAMA","","","","LBS","Testing","Testing2",,,,,,,,,,,
"000001124","","US50","false","","TM_INT_EMP01","2020-06-30 12:49:32.0000000","USD","","3200 AIRPORT ROAD","DENTON","US","1000004700","","TX","76207","56.000000","60.000000","56.000000","IN","2020-07-03 08:00:00.0000000","","","","false","false","false","1601 NORTH 8TH STREET","RENTON","US","WA","98057-5573","ZSTR","KIT-ESPAR\, FUEL PUMP/PICK","F31-1169-8123","true","","5","","","","2020-07-01 09:00:00.0000000","1000004702","","","","TP","EA","TM_INT_EMP01","2020-06-30 12:49:32.0000000","TM_INT_EMP01","","","2000","LBS","KENWORTH RENTON","PETERBILT DENTON","PVL","testing@emial.com","TM_INT_EMP01",,,,,,,,
"000001170","","AU51","false","","Mohammedsale","2020-07-23 23:26:00.0000000","USD","","Calzada Gustavo Vildosola Castro","Mexicali","MX","MX02","","BC","21385","10.000000","10.000000","10.000000","IN","2020-07-30 10:00:00.0000000","","","","false","false","false",". 750 HOUSER WAY NORTH","RENTON","US","WA","98057-5573","ZDRM","MOUNT","456164","true","","10","","","","2020-07-28 23:25:00.0000000","1000004685","","","Testing","PP","EA","Mohammedsale","2020-07-23 23:26:00.0000000","Mohammedsale","","","10","LBS","PACCAR PARTS","PACCAR KenFab Plant","FAB","testing@email.com","Mohammedsale",,,,,,,,
"000000069","","US02","false","","Noopurambeka","2020-06-10 16:50:30.0000000","USD","","1257 ROBERSON SPRINGS RD BLDG 1","LOUDON","US","PD02","","TN","37774","40.000000","40.000000","10.000000","IN","2020-06-23 16:49:00.0000000","","","","false","false","false","N. 8th Street","Renton","US","WA","98057","ZCTN","P92-2529-370001500","P92-2529-370001500","false","","1","","","","2020-06-15 16:50:00.0000000","US01","","","Test ZDD","TP","EA","Noopurambeka","2020-06-10 16:50:30.0000000","Noopurambeka","","","100","LBS","Kenworth Renton","National Seating",,,,,,,,,,,
"000001125","","US50","false","","TM_INT_EMP01","2020-06-30 12:51:04.0000000","USD","","3200 AIRPORT ROAD","DENTON","US","1000004700","","TX","76207","56.000000","60.000000","56.000000","IN","2020-07-03 08:00:00.0000000","","","","false","false","false","1601 NORTH 8TH STREET","RENTON","US","WA","98057-5573","ZSTR","COOLER-XMSN OIL HD CC","F31-6197","true","","5","","","","2020-07-01 09:00:00.0000000","1000004702","","","","TP","EA","TM_INT_EMP01","2020-06-30 12:51:04.0000000","TM_INT_EMP01","","","2000","LBS","KENWORTH RENTON","PETERBILT DENTON","PVL","testing@emial.com","TM_INT_EMP01",,,,,,,,
"000000070","","US02","false","","Noopurambeka","2020-06-11 09:40:55.0000000","USD","","1601 NORTH 8TH ST","RENTON","US","KR01","","WA","98055","40.000000","40.000000","40.000000","IN","2020-06-22 09:37:00.0000000","GL ","","","false","false","false","Kenworth Drive","Chillicothe","US","OH","45601","ZCTN","WIRE-EXTENSION DATALINK","P92-1284-2200","false","","1","","","","2020-06-15 09:37:00.0000000","US02","","","Test ZDD changes","TP","EA","Noopurambeka","2020-06-11 09:40:55.0000000","Noopurambeka","","","100","LBS","Kenworth Chillicothe","Kenworth-Renton (Dock M)",,,,,,,,,,,
"000001171","","US56","false","","TM_INT_EMP01","2020-07-23 13:25:33.0000000","USD","","920 SE 9TH AVE","ONTARIO","US","1000000012","","OR","97914","11.000000","11.000000","11.000000","IN","2020-07-31 13:25:00.0000000","GL12345","","","false","false","false","431 E. DIVISION STREET","WAUTOMA","US","WI","54982-6943","ZWPT","FIFTH WHEEL\, HOLLAND","FW17J712XL00","true","","10","","","","2020-07-24 13:25:00.0000000","1000001043","","","","CC","EA","TM_INT_EMP01","2020-07-23 13:25:33.0000000","TM_INT_EMP01","","","100","LBS","CUMMINS EMIS. SOLUTIONS WAU","KENWORTH SALES COMPANY ONTARIO","NIC-D","testing@email.com","TM_INT_EMP01",,,,,,,,
"000001126","","CA51","true","","TM_INT_EMP01","2020-06-30 12:57:14.0000000","USD","","1257 ROBERSON SPRINGS RD BLDG 1","LOUDON","US","PD02","","TN","37774","10.000000","10.000000","10.000000","IN","2020-06-26 15:54:00.0000000","","","","false","false","false","1601 NORTH 8TH STREET","RENTON","US","WA","98057-5573","ZDRM","HEATER KIT-ESPAR D4 AIRTR","F31-1253-1701","true","","100","ECN","","","2020-06-24 15:54:00.0000000","1000004702","","","","TP","EA","TM_INT_EMP01","2020-06-30 12:57:14.0000000","TM_INT_EMP01","","","100","LBS","KENWORTH RENTON","National Seating","PLE","testing@emial.com","TM_INT_EMP01",,,,,,,,
"000000071","","US02","false","","TM_EXT_MCS01","2020-06-11 10:01:45.0000000","USD","","3200 AIRPORT RD","DENTON","US","PD01","","TX","76207","10.000000","10.000000","10.000000","IN","2020-06-25 10:01:00.0000000","","","","false","false","false","Kenworth Drive","Chillicothe","US","OH","45601","ZCTN","HARNESS-BODY JUNCTION","P92-1922-06000","false","","100","","","","2020-06-22 10:01:00.0000000","US02","","","","PP","EA","TM_EXT_MCS01","2020-06-11 10:01:45.0000000","TM_EXT_MCS01","","","100","LBS","Kenworth Chillicothe","Peterbilt Motors Company",,,,,,,,,,,
"000001172","","US56","false","","TM_INT_EMP01","2020-07-23 13:29:14.0000000","USD","","920 SE 9TH AVE","ONTARIO","US","1000000012","","OR","97914","11.000000","11.000000","11.000000","IN","2020-07-31 13:25:00.0000000","GL12345","","","false","false","false","431 E. DIVISION STREET","WAUTOMA","US","WI","54982-6943","ZWPT","FIFTH WHEEL-12MM MTG. PLATE","FW35HLP6612","true","","10","","","","2020-07-24 13:25:00.0000000","1000001043","","","","CC","EA","TM_INT_EMP01","2020-07-23 13:29:14.0000000","TM_INT_EMP01","","","100","LBS","CUMMINS EMIS. SOLUTIONS WAU","KENWORTH SALES COMPANY ONTARIO","NIC-D","testing@email.com","TM_INT_EMP01",,,,,,,,
"000001127","","CA51","true","","TM_INT_EMP01","2020-07-01 01:34:31.0000000","USD","","1257 ROBERSON SPRINGS RD BLDG 1","LOUDON","US","PD02","","TN","37774","10.000000","10.000000","10.000000","IN","2020-06-26 15:54:00.0000000","","","","false","false","false","1601 NORTH 8TH STREET","RENTON","US","WA","98057-5573","ZDRM","AXLE-WELDMENT","AXLE-WELDMENT","true","","100","ECN","","","2020-06-24 15:54:00.0000000","1000004702","","","","TP","EA","TM_INT_EMP01","2020-07-01 01:34:31.0000000","TM_INT_EMP01","","","100","LBS","KENWORTH RENTON","National Seating","PLE","testing@emial.com","TM_INT_EMP01",,,,,,,,
"000000072","","US50","false","","Mohammedsale","2020-06-18 16:48:53.0000000","USD","",". 750 HOUSER WAY NORTH","RENTON","US","1000004685","","WA","98057-5573","12.000000","12.000000","12.000000","IN","2020-06-24 16:48:00.0000000","","","","false","false","false","Calzada Gustavo Vildosola Castro","Mexicali","MX","BC","21385","ZTRM","KW 76\" SLEEPER W/ FACTORY REFRIGERATOR","U92-1029-99REF1","false","","12","","","","2020-06-18 16:48:41.0000000","MX02","","","","CC","EA","Mohammedsale","2020-06-18 16:48:53.0000000","Mohammedsale","","","12","LBS","PACCAR KenFab Plant","PACCAR PARTS",,,,,,,,,,,
"000001174","","US56","false","","TM_INT_EMP01","2020-07-27 09:11:51.0000000","USD","","920 SE 9TH AVE","ONTARIO","US","1000000012","","OR","97914","11.000000","11.000000","11.000000","IN","2020-07-31 13:25:00.0000000","GL12345","","","false","false","false","431 E. DIVISION STREET","WAUTOMA","US","WI","54982-6943","ZWPT","BATTERY-HD GRP 31 TERM POST 950CCA","BT31P91EXCH","true","","10","","","","2020-07-24 13:25:00.0000000","1000001043","","","","CC","EA","TM_INT_EMP01","2020-07-27 09:11:51.0000000","TM_INT_EMP01","","","100","LBS","CUMMINS EMIS. SOLUTIONS WAU","KENWORTH SALES COMPANY ONTARIO","PRM","testing@email.com","TM_INT_EMP01","planner_email@tm.com",,,,,,,
"000001128","","CA51","true","","TM_INT_EMP01","2020-06-30 13:04:25.0000000","USD","","1257 ROBERSON SPRINGS RD BLDG 1","LOUDON","US","PD02","","TN","37774","10.000000","10.000000","10.000000","IN","2020-06-26 15:54:00.0000000","","","","false","false","false","1601 NORTH 8TH STREET","RENTON","US","WA","98057-5573","ZDRM","MODULE - HVAC\, SLEEPER","F31-1210","true","","100","ECN","","","2020-06-24 15:54:00.0000000","1000004702","","","","TP","EA","TM_INT_EMP01","2020-06-30 13:04:25.0000000","TM_INT_EMP01","","","100","LBS","KENWORTH RENTON","National Seating","PLE","testing@emial.com","TM_INT_EMP01",,,,,,,,
"000000073","","AU51","false","","TM_INT_EMP01","2020-06-18 15:50:17.0000000","USD","","4302 INDUSTRIAL ST","ROWLETT","US","1000002363","","TX","75088","10.000000","10.000000","10.000000","IN","2020-06-30 15:49:00.0000000","","","","false","false","false","20020 E GRANT HWY","MARENGO","US","IL","60152","ZWPT","FIFTH WHEEL\, HOLLAND","FW17J712XL00","true","","10","","","","2020-06-22 15:49:00.0000000","1000004705","","","","CC","EA","TM_INT_EMP01","2020-06-18 15:50:17.0000000","TM_INT_EMP01","","","10000","LBS","DIA PACKAGING","AUSTIN HARDWARE",,,,,,,,,,,
"000001175","qwyeqwu237","US53","false","AU","TM_INT_EMP01","2020-07-27 14:57:52.0000000","AUD","terywt","5901 - 44 STREET  3031 WYOMING AVE","DEARBORN","US","1000000045","","MI","48120","10.000000","10.000000","10.000000","IN","2020-08-01 14:57:00.0000000","234723984","test123","","true","true","true","165 FLANDERS RD","WESTBOROUGH","US","MA","01581","ZWPT","ROD-TIE END LH","220TR130","true","q3yee387","100","","","qy312yiu","2020-07-28 14:57:00.0000000","1000000802","","","wieyrewiuyriwueryiwueryiwue","CC","EA","TM_INT_EMP01","2020-07-27 14:57:52.0000000","TM_INT_EMP01","100","127631275","1000","LBS","CUMBERLAND FARMS","EASTERN MICHIGAN KENWORTH","GPT","testing@email.com","TM_INT_EMP01","test1223@email.com",,,,,,,
"000001129","","CA51","true","","TM_INT_EMP01","2020-06-30 13:09:01.0000000","USD","","1257 ROBERSON SPRINGS RD BLDG 1","LOUDON","US","PD02","","TN","37774","10.000000","10.000000","10.000000","IN","2020-06-26 15:54:00.0000000","","","","false","false","false","1601 NORTH 8TH STREET","RENTON","US","WA","98057-5573","ZDRM","COOLER - TRANS OIL - 320","F31-6195","true","","100","ECN","","","2020-06-24 15:54:00.0000000","1000004702","","","","TP","EA","TM_INT_EMP01","2020-06-30 13:09:01.0000000","TM_INT_EMP01","","","100","LBS","KENWORTH RENTON","National Seating","PLE","testing@emial.com","TM_INT_EMP01",,,,,,,,
"000000074","","US52","true","","TM_INT_EMP01","2020-06-19 17:31:23.0000000","USD","","PO BOX 676378","DALLAS","US","1000000322","","TX","75267-6378","10.000000","10.000000","10.000000","IN","2020-06-24 17:31:00.0000000","","","","false","false","false",". 750 HOUSER WAY NORTH","RENTON","US","WA","98057-5573","ZBUN","HARNESS - 2.1M INTEGRAL S","U92-6066-11020","true","","10","UNK","","","2020-06-22 17:30:00.0000000","1000004685","","","testing","PP","EA","TM_INT_EMP01","2020-06-19 17:31:23.0000000","TM_INT_EMP01","","","45","LBS","PACCAR PARTS","PACCAR LEASING",,,,,,,,,,,
"000001130","","CA51","true","","TM_INT_EMP01","2020-06-30 13:10:34.0000000","USD","","1257 ROBERSON SPRINGS RD BLDG 1","LOUDON","US","PD02","","TN","37774","10.000000","10.000000","10.000000","IN","2020-06-26 15:54:00.0000000","","","","false","false","false","1601 NORTH 8TH STREET","RENTON","US","WA","98057-5573","ZDRM","AXLE-WELDMENT","AXLE-WELDMENT","true","","100","ECN","","","2020-06-24 15:54:00.0000000","1000004702","","","","TP","EA","TM_INT_EMP01","2020-06-30 13:10:34.0000000","TM_INT_EMP01","","","100","LBS","KENWORTH RENTON","National Seating","PLE","testing@emial.com","TM_INT_EMP01",,,,,,,,
"000001176","","US01","false","","TM_EXT_MCS01","2020-07-28 11:45:08.0000000","USD","","1601 NORTH 8TH ST","RENTON","US","KR00","","WA","98055","40.000000","40.000000","20.000000","IN","2020-07-31 11:44:00.0000000","","","","false","false","false","3211 FRUITLAND AVE","LOS ANGELES","US","CA","90058-0843","ZCTN","Cooler-MD Oil\,Transmissio","F31-6187","true","","10","","","","2020-07-29 11:44:00.0000000","1000001404","","","","CC","EA","TM_EXT_MCS01","2020-07-28 11:45:08.0000000","TM_EXT_MCS01","","","200","LBS","BARKSDALE - LOS ANGELES CA","KR00 - KENWORTH RENTON","PLE","testing@email.com","TM_EXT_MCS01","lee.taylor@paccar.com",,,,,,,
"000000075","456","MX01","false","US","Mohammedsale","2020-06-19 19:58:31.0000000","USD","123","20020 E GRANT HWY","MARENGO","US","1000004705","","IL","60152","11.000000","12.000000","10.000000","IN","2020-01-31 17:45:00.0000000","111","","","false","true","true",". 750 HOUSER WAY NORTH","RENTON","US","WA","98057-5573","ZCOP","SIGN-OXIDIZING AGENT\,CLASS 5","DNF0A5","false","789","10","","Receiving Contact","101","2020-01-28 10:00:00.0000000","1000004685","","Ship Contact","Testing Copy","PP","EA","Mohammedsale","2020-06-19 19:58:31.0000000","Mohammedsale","123","KA1234123","13","LBS","PACCAR PARTS","DIA PACKAGING",,,,,,,,,,,
"000001131","","CA51","true","","TM_INT_EMP01","2020-07-01 01:43:39.0000000","USD","","1257 ROBERSON SPRINGS RD BLDG 1","LOUDON","US","PD02","","TN","37774","10.000000","10.000000","10.000000","IN","2020-06-26 15:54:00.0000000","","","","false","false","false","1601 NORTH 8TH STREET","RENTON","US","WA","98057-5573","ZDRM","MODULE-BASIC COOLING 1780","F31-1058-3211231","true","","100","ECN","","","2020-06-24 15:54:00.0000000","1000004702","","","","TP","EA","TM_INT_EMP01","2020-07-01 01:43:39.0000000","TM_INT_EMP01","","","100","LBS","KENWORTH RENTON","National Seating","PLE","testing@emial.com","TM_INT_EMP01",,,,,,,,
"000001177","","US53","false","","TM_EXT_MCS01","2020-08-03 13:11:56.0000000","USD","","185 SOCCER PARK ROAD","FENTON","US","1000000026","","MO","63026-2588","10.000000","10.000000","10.000000","IN","2020-08-19 13:11:00.0000000","","","","false","false","false","165 FLANDERS RD","WESTBOROUGH","US","MA","01581","ZWPT","FIFTH WHEEL\, HOLLAND","FW17H924XL00","true","","100","","","","2020-08-04 13:11:00.0000000","1000000802","","","","PP","EA","TM_EXT_MCS01","2020-08-03 13:11:56.0000000","TM_EXT_MCS01","","","1000","LBS","CUMBERLAND FARMS","CIT KENWORTH OF ST LOUIS/C264","NORM","testing@email.com","TM_EXT_MCS01","test@email.com",,,,,,,
"000000076","","US50","false","","TM_INT_EMP01","2020-06-19 09:17:40.0000000","USD","","Edificio 9080\, Local 1&2 SPECIAL ECONOMIC ZONE","HOWARD ARRAIJAN","PA","PA51","","","0000","10.000000","10.000000","10.000000","IN","2020-06-30 09:17:00.0000000","","","","false","false","false","3211 FRUITLAND AVE","LOS ANGELES","US","CA","90058-0843","ZCTN","FIFTH WHEEL\, HOLLAND","FW17J936XL00","true","","10","","","","2020-06-22 09:17:00.0000000","1000001404","","","","CC","EA","TM_INT_EMP01","2020-06-19 09:17:40.0000000","TM_INT_EMP01","","","3000","LBS","BARKSDALE - LOS ANGELES CA","PACCAR Parts - Panama",,,,,,,,,,,
"000001132","","US50","false","","TM_INT_EMP01","2020-06-30 13:17:19.0000000","USD","","3200 AIRPORT ROAD","DENTON","US","1000004700","","TX","76207","56.000000","60.000000","56.000000","IN","2020-07-03 08:00:00.0000000","","","","false","false","false","1601 NORTH 8TH STREET","RENTON","US","WA","98057-5573","ZSTR","KIT-ESPAR ROUTINGS","F31-1252-6004","true","","5","","","","2020-07-01 09:00:00.0000000","1000004702","","","","TP","EA","TM_INT_EMP01","2020-06-30 13:17:19.0000000","TM_INT_EMP01","","","2000","LBS","KENWORTH RENTON","PETERBILT DENTON","PVL","testing@emial.com","TM_INT_EMP01",,,,,,,,
"000001178","","US52","false","","TM_INT_EMP01","2020-08-04 08:13:05.0000000","USD","","1601 NORTH 8TH ST","RENTON","US","KR01","","WA","98055","30.000000","20.000000","20.000000","IN","2020-08-07 10:00:00.0000000","","","","false","false","false","3211 FRUITLAND AVE","LOS ANGELES","US","CA","90058-0843","ZCTN","BRACKET-SUNVISOR LH","R11-1247","true","","100","","","","2020-08-05 06:00:00.0000000","1000001404","","","","TP","EA","TM_INT_EMP01","2020-08-04 08:13:05.0000000","TM_INT_EMP01","","","100","LBS","BARKSDALE - LOS ANGELES CA","Kenworth-Renton (Dock M)","PVL-D","testing@email.com","TM_INT_EMP01","testing@email.com",,,,,,,
"000000077","","US52","false","","Mohammedsale","2020-06-23 15:16:52.0000000","USD","","750 HOUSER WAY NORTH","RENTON","US","1000004701","","WA","98057","10.000000","10.000000","10.000000","IN","2020-06-30 14:15:00.0000000","","","","false","false","false","3535 ARGENTINA ROAD","MISSISSAUGA","CA","ON","L5N 0G6","ZCTN","KENWORTHW900             CONVENTIONAL","43259520","false","","10","","","","2020-06-29 10:00:00.0000000","1000002488","","","Testing DO0","PP","EA","Mohammedsale","2020-06-23 15:16:52.0000000","Mohammedsale","","","10","LBS","PACCAR PARTS TORONTO","PACCAR PARTS",,,,,,,,,,,
"000001133","","CA51","true","","TM_INT_EMP01","2020-06-30 13:46:43.0000000","USD","","1257 ROBERSON SPRINGS RD BLDG 1","LOUDON","US","PD02","","TN","37774","10.000000","10.000000","10.000000","IN","2020-06-26 15:54:00.0000000","","","","false","false","false","1601 NORTH 8TH STREET","RENTON","US","WA","98057-5573","ZDRM","WIRE-EXTENSION","P92-1396-0600","true","","100","ECN","","","2020-06-24 15:54:00.0000000","1000004702","","","","TP","EA","TM_INT_EMP01","2020-06-30 13:46:43.0000000","TM_INT_EMP01","","","100","LBS","KENWORTH RENTON","National Seating","PLE","testing@emial.com","TM_INT_EMP01",,,,,,,,
"000001179","","US02","false","","TM_INT_EMP01","2020-08-11 10:53:26.0000000","USD","","65 KENWORTH DRIVE","CHILLICOTHE","US","KC00","","OH","45601-8829","56.000000","56.000000","56.000000","IN","2020-08-14 10:00:00.0000000","","","","false","false","false","3211 FRUITLAND AVE","LOS ANGELES","US","CA","90058-0843","ZSTR","BRACKET-FAIRING\,FRONT","R11-2102","true","","100","","","","2020-08-11 15:00:00.0000000","1000001404","","","SHipping Late","CC","EA","TM_INT_EMP01","2020-08-11 10:53:26.0000000","TM_INT_EMP01","","","2000","LBS","BARKSDALE - LOS ANGELES CA","KENWORTH CHILLICOTHE","PVL-D","testing@email.com","TM_INT_EMP01","lee.taylor@paccar.com",,,,,,,
"","","US52","false","","Mohammedsale","2020-06-23 16:52:47.0000000","USD","","1601 NORTH 8TH STREET","RENTON","US","1000004702","","WA","98057-5573","10.000000","10.000000","10.000000","IN","2020-06-29 10:30:00.0000000","","","","false","false","false","750 HOUSER WAY NORTH","RENTON","US","WA","98057","ZDRM","HARNESS - 2.1M INTEGRAL S","U92-6069-1140111","false","","10","","","","2020-06-26 10:00:00.0000000","1000004701","","","Testing","PP","EA","Mohammedsale","2020-06-23 16:52:47.0000000","Mohammedsale","","","10","LBS","PACCAR PARTS","KENWORTH RENTON",,,,,,,,,,,
"000001134","","CA51","true","","TM_INT_EMP01","2020-06-30 13:47:42.0000000","USD","","1257 ROBERSON SPRINGS RD BLDG 1","LOUDON","US","PD02","","TN","37774","10.000000","10.000000","10.000000","IN","2020-06-26 15:54:00.0000000","","","","false","false","false","1601 NORTH 8TH STREET","RENTON","US","WA","98057-5573","ZCTN","HARNESS-TURN SIGNAL","P92-1139","true","","100","ECN","","","2020-06-24 15:54:00.0000000","1000004702","","","","TP","EA","TM_INT_EMP01","2020-06-30 13:47:42.0000000","TM_INT_EMP01","","","100","LBS","KENWORTH RENTON","National Seating","PLE","testing@emial.com","TM_INT_EMP01",,,,,,,,
"000001180","","US02","false","","TM_INT_EMP01","2020-08-11 10:55:25.0000000","USD","","65 KENWORTH DRIVE","CHILLICOTHE","US","KC00","","OH","45601-8829","56.000000","56.000000","56.000000","IN","2020-08-14 10:00:00.0000000","","","","false","false","false","3211 FRUITLAND AVE","LOS ANGELES","US","CA","90058-0843","ZSTR","BRACKET-FAIRING\,FRONT","R11-2102R","false","","100","","","","2020-08-11 10:49:36.0000000","1000001404","","","","CC","EA","TM_INT_EMP01","2020-08-11 10:55:25.0000000","TM_INT_EMP01","","","2000","LBS","BARKSDALE - LOS ANGELES CA","KENWORTH CHILLICOTHE","","testing@email.com","TM_INT_EMP01","",,,,,,,
"000000079","","US52","false","","Mohammedsale","2020-06-23 16:52:47.0000000","USD","","1601 NORTH 8TH STREET","RENTON","US","1000004702","","WA","98057-5573","10.000000","10.000000","10.000000","IN","2020-06-29 10:30:00.0000000","","","","false","false","false","750 HOUSER WAY NORTH","RENTON","US","WA","98057","ZDRM","HARNESS - 2.1M INTEGRAL S","U92-6069-1140111","false","","10","","","","2020-06-26 10:00:00.0000000","1000004701","","","Testing","PP","EA","Mohammedsale","2020-06-23 16:52:47.0000000","Mohammedsale","","","10","LBS","PACCAR PARTS","KENWORTH RENTON",,,,,,,,,,,
"000001135","","CA51","true","","TM_INT_EMP01","2020-06-30 13:49:02.0000000","USD","","1257 ROBERSON SPRINGS RD BLDG 1","LOUDON","US","PD02","","TN","37774","10.000000","10.000000","10.000000","IN","2020-06-26 15:54:00.0000000","","","","false","false","false","1601 NORTH 8TH STREET","RENTON","US","WA","98057-5573","ZDRM","WIRE-EXTENSION","P92-1448-3","true","","100","ECN","","","2020-06-24 15:54:00.0000000","1000004702","","","","TP","EA","TM_INT_EMP01","2020-06-30 13:49:02.0000000","TM_INT_EMP01","","","100","LBS","KENWORTH RENTON","National Seating","PLE","testing@emial.com","TM_INT_EMP01",,,,,,,,
"000001181","","US02","false","","TM_INT_EMP01","2020-08-11 11:15:10.0000000","USD","","65 KENWORTH DRIVE","CHILLICOTHE","US","KC00","","OH","45601-8829","50.000000","50.000000","50.000000","IN","2020-08-14 13:30:00.0000000","","","","false","false","false","3211 FRUITLAND AVE","LOS ANGELES","US","CA","90058-0843","ZWPT","BRACKET-FAIRING\,FRONT","R11-2102","true","","100","","","","2020-08-11 11:11:55.0000000","1000001404","","","Shipping late","TP","EA","TM_INT_EMP01","2020-08-11 11:15:10.0000000","TM_INT_EMP01","","","2000","LBS","BARKSDALE - LOS ANGELES CA","KENWORTH CHILLICOTHE","BOH3","testing@email.com","TM_INT_EMP01","lee.taylor@paccar.com",,,,,,,
"000000080","","US52","false","","Mohammedsale","2020-06-23 16:52:47.0000000","USD","","1601 NORTH 8TH STREET","RENTON","US","1000004702","","WA","98057-5573","10.000000","10.000000","10.000000","IN","2020-06-29 10:30:00.0000000","","","","false","false","false","750 HOUSER WAY NORTH","RENTON","US","WA","98057","ZDRM","HARNESS - 2.1M INTEGRAL S","U92-6069-1140111","false","","10","","","","2020-06-26 10:00:00.0000000","1000004701","","","Testing","PP","EA","Mohammedsale","2020-06-23 16:52:47.0000000","Mohammedsale","","","10","LBS","PACCAR PARTS","KENWORTH RENTON",,,,,,,,,,,
"000001136","","CA51","true","","TM_INT_EMP01","2020-06-30 13:50:32.0000000","USD","","1257 ROBERSON SPRINGS RD BLDG 1","LOUDON","US","PD02","","TN","37774","10.000000","10.000000","10.000000","IN","2020-06-26 15:54:00.0000000","","","","false","false","false","1601 NORTH 8TH STREET","RENTON","US","WA","98057-5573","ZCTN","HARNESS-HEADLIGHT & FRONT CHASSIS","P92-1492","true","","50","ECN","","","2020-06-24 15:54:00.0000000","1000004702","","","","TP","EA","TM_INT_EMP01","2020-06-30 13:50:32.0000000","TM_INT_EMP01","","","100","LBS","KENWORTH RENTON","National Seating","PLE","testing@emial.com","TM_INT_EMP01",,,,,,,,
"000001182","","US53","false","","TM_INT_EMP02","2020-08-11 11:25:49.0000000","USD","","65 KENWORTH DRIVE","CHILLICOTHE","US","KC00","","OH","45601-8829","11.000000","11.000000","11.000000","IN","2020-08-18 11:25:00.0000000","","","","false","false","false","ATTN MC 60404","COLUMBUS","US","IN","47202-3005","ZWPT","FIFTH WHEEL\, HOLLAND","FW17J824XL80","true","","10","","","","2020-08-11 11:25:00.0000000","1000001041","","","","CC","EA","TM_INT_EMP02","2020-08-11 11:25:49.0000000","TM_INT_EMP02","","","100","LBS","CUMMINS-ROCKY MTN NC","KENWORTH CHILLICOTHE","BOH","testing@email.com","TM_INT_EMP02","lee.taylor@paccar.com",,,,,,,
"000000083","","US52","false","","Mohammedsale","2020-06-23 16:52:47.0000000","USD","","1601 NORTH 8TH STREET","RENTON","US","1000004702","","WA","98057-5573","10.000000","10.000000","10.000000","IN","2020-06-29 10:30:00.0000000","","","","false","false","false","750 HOUSER WAY NORTH","RENTON","US","WA","98057","ZDRM","HARNESS - 2.1M INTEGRAL S","U92-6069-1140111","false","","10","","","","2020-06-26 10:00:00.0000000","1000004701","","","Testing","PP","EA","Mohammedsale","2020-06-23 16:52:47.0000000","Mohammedsale","","","10","LBS","PACCAR PARTS","KENWORTH RENTON","premiumReasonCode","userEmail","userName",,,,,,,,
"000001137","","CA51","true","","TM_INT_EMP01","2020-06-30 13:52:40.0000000","USD","","1257 ROBERSON SPRINGS RD BLDG 1","LOUDON","US","PD02","","TN","37774","10.000000","10.000000","10.000000","IN","2020-06-26 15:54:00.0000000","","","","false","false","false","1601 NORTH 8TH STREET","RENTON","US","WA","98057-5573","ZCTN","HARNESS-BODY JUNCTION","P92-1922-06000","true","","10","ECN","","","2020-06-24 15:54:00.0000000","1000004702","","","","TP","EA","TM_INT_EMP01","2020-06-30 13:52:40.0000000","TM_INT_EMP01","","","100","LBS","KENWORTH RENTON","National Seating","PLE","testing@emial.com","TM_INT_EMP01",,,,,,,,
"000001183","","US56","false","","TM_INT_EMP02","2020-08-11 11:54:04.0000000","USD","","65 KENWORTH DRIVE","CHILLICOTHE","US","KC00","","OH","45601-8829","11.000000","11.000000","11.000000","IN","2020-08-14 11:53:00.0000000","","","","false","false","false","431 E. DIVISION STREET","WAUTOMA","US","WI","54982-6943","ZWPT","FIFTH WHEEL\, HOLLAND","FW17J836XL00","true","","10","","","","2020-08-11 11:53:00.0000000","1000001043","","","","PP","EA","TM_INT_EMP02","2020-08-11 11:54:04.0000000","TM_INT_EMP02","","","100","LBS","CUMMINS EMIS. SOLUTIONS WAU","KENWORTH CHILLICOTHE","FAB","testing@email.com","TM_INT_EMP02","lee.taylor@paccar.com",,,,,,,
"000000084","","US52","false","","Mohammedsale","2020-06-23 16:52:47.0000000","USD","","1601 NORTH 8TH STREET","RENTON","US","1000004702","","WA","98057-5573","10.000000","10.000000","10.000000","IN","2020-06-29 10:30:00.0000000","","","","false","false","false","750 HOUSER WAY NORTH","RENTON","US","WA","98057","ZDRM","HARNESS - 2.1M INTEGRAL S","U92-6069-1140111","false","","10","","","","2020-06-26 10:00:00.0000000","1000004701","","","Testing","PP","EA","Mohammedsale","2020-06-23 16:52:47.0000000","Mohammedsale","","","10","LBS","PACCAR PARTS","KENWORTH RENTON","premiumReasonCode","userEmail","userName",,,,,,,,
"000001138","","US50","false","","TM_INT_EMP01","2020-06-30 14:06:37.0000000","USD","","3200 AIRPORT ROAD","DENTON","US","1000004700","","TX","76207","48.000000","48.000000","48.000000","IN","2020-07-06 14:06:00.0000000","","","","false","false","false","1601 NORTH 8TH STREET","RENTON","US","WA","98057-5573","ZCTN","MODULE - HVAC\, SLEEPER","F31-1210","true","","4","","","","2020-07-03 14:06:00.0000000","1000004702","","","","TP","EA","TM_INT_EMP01","2020-06-30 14:06:37.0000000","TM_INT_EMP01","","","100","LBS","KENWORTH RENTON","PETERBILT DENTON","PVL","testing@emial.com","TM_INT_EMP01",,,,,,,,
"000001184","","US52","false","","TM_INT_EMP02","2020-08-11 12:01:35.0000000","USD","","65 KENWORTH DRIVE","CHILLICOTHE","US","KC00","","OH","45601-8829","11.000000","11.000000","11.000000","IN","2020-08-14 12:01:00.0000000","","","","false","false","false","431 E. DIVISION STREET","WAUTOMA","US","WI","54982-6943","ZWPT","FIFTH WHEEL\, HOLLAND","FW17J824XL80","true","","10","","","","2020-08-11 12:01:00.0000000","1000001043","","","","CC","EA","TM_INT_EMP02","2020-08-11 12:01:35.0000000","TM_INT_EMP02","","","100","LBS","CUMMINS EMIS. SOLUTIONS WAU","KENWORTH CHILLICOTHE","NIC-D","testing@email.com","TM_INT_EMP02","lee.taylor@paccar.com",,,,,,,
"000000082","","US02","true","","TM_INT_EMP01","2020-06-23 13:41:23.0000000","USD","","1257 ROBERSON SPRINGS RD BLDG 1","LOUDON","US","PD02","","TN","37774","40.000000","40.000000","40.000000","IN","2020-07-03 13:41:00.0000000","","","","false","false","false","1601 NORTH 8TH ST","RENTON","US","WA","98055","ZCTN","P92-2529-370001500","P92-2529-370001500","false","","100","FAB","","","2020-06-23 13:40:02.0000000","KR02","","","Test premium flag","TP","EA","TM_INT_EMP01","2020-06-23 13:41:23.0000000","TM_INT_EMP01","","","100","LBS","Kenworth-Renton (Dock C)","National Seating","","testing@emial.com","TM_INT_EMP01",,,,,,,,
"000001139","","US50","false","","TM_INT_EMP01","2020-06-30 14:11:57.0000000","USD","","3200 AIRPORT ROAD","DENTON","US","1000004700","","TX","76207","48.000000","48.000000","48.000000","IN","2020-07-06 14:06:00.0000000","","","","false","false","false","1601 NORTH 8TH STREET","RENTON","US","WA","98057-5573","ZCTN","Wire-Jumper","P92-1525","true","","10","","","","2020-07-03 14:06:00.0000000","1000004702","","","","TP","EA","TM_INT_EMP01","2020-06-30 14:11:57.0000000","TM_INT_EMP01","","","100","LBS","KENWORTH RENTON","PETERBILT DENTON","PVL","testing@emial.com","TM_INT_EMP01",,,,,,,,
"000001185","","US02","false","","TM_INT_EMP01","2020-08-11 12:18:36.0000000","USD","","65 KENWORTH DRIVE","CHILLICOTHE","US","KC00","","OH","45601-8829","50.000000","50.000000","50.000000","IN","2020-08-14 12:00:00.0000000","","","","false","false","false","3211 FRUITLAND AVE","LOS ANGELES","US","CA","90058-0843","ZWPT","BRACKET-FAIRING\,FRONT","R11-2102","true","","200","","","","2020-08-11 12:30:00.0000000","1000001404","","","ship ASAP","TP","EA","TM_INT_EMP01","2020-08-11 12:18:36.0000000","TM_INT_EMP01","","","1200","LBS","BARKSDALE - LOS ANGELES CA","KENWORTH CHILLICOTHE","AWP-D","testing@email.com","TM_INT_EMP01","lee.taylor@paccar.com",,,,,,,
"000000085","","US52","false","","Mohammedsale","2020-06-24 19:23:23.0000000","USD","","1601 NORTH 8TH STREET","RENTON","US","1000004702","","WA","98057-5573","10.000000","10.000000","10.000000","IN","2020-06-29 10:30:00.0000000","","","","false","false","false","750 HOUSER WAY NORTH","RENTON","US","WA","98057","ZDRM","AXLE-MERITOR\,RR\,PNG","C05-2F010073A00370","false","","10","","","","2020-06-26 10:00:00.0000000","1000004701","","","Testing","PP","EA","Mohammedsale","2020-06-24 19:23:23.0000000","Mohammedsale","","","10","LBS","PACCAR PARTS","KENWORTH RENTON","","testing@emial.com","Mohammedsale",,,,,,,,
"000001140","","US50","false","","TM_INT_EMP01","2020-06-30 14:12:50.0000000","USD","","3200 AIRPORT ROAD","DENTON","US","1000004700","","TX","76207","48.000000","48.000000","48.000000","IN","2020-07-06 14:06:00.0000000","","","","false","false","false","1601 NORTH 8TH STREET","RENTON","US","WA","98057-5573","ZCTN","WIRE JUMPER","P92-1502-1200","true","","10","","","","2020-07-03 14:06:00.0000000","1000004702","","","","TP","EA","TM_INT_EMP01","2020-06-30 14:12:50.0000000","TM_INT_EMP01","","","100","LBS","KENWORTH RENTON","PETERBILT DENTON","PVL","testing@emial.com","TM_INT_EMP01",,,,,,,,
"000001186","","US02","false","","TM_INT_EMP01","2020-08-11 14:14:09.0000000","USD","","65 KENWORTH DRIVE","CHILLICOTHE","US","KC00","","OH","45601-8829","48.000000","48.000000","48.000000","IN","2020-08-14 14:30:00.0000000","1234567","","","false","false","false","3211 FRUITLAND AVE","LOS ANGELES","US","CA","90058-0843","ZWPT","BRKT ASM-FAIRING\, UPR","R11-1315","true","","15","","","","2020-08-11 14:11:07.0000000","1000001404","","","please ship ASAP","TP","EA","TM_INT_EMP01","2020-08-11 14:14:09.0000000","TM_INT_EMP01","","","1000","LBS","BARKSDALE - LOS ANGELES CA","KENWORTH CHILLICOTHE","FAB","testing@email.com","TM_INT_EMP01","Lee.taylor@paccar.com",,,,,,,
"000001141","","US50","false","","TM_INT_EMP01","2020-06-30 14:13:14.0000000","USD","","3200 AIRPORT ROAD","DENTON","US","1000004700","","TX","76207","48.000000","48.000000","48.000000","IN","2020-07-06 14:06:00.0000000","","","","false","false","false","1601 NORTH 8TH STREET","RENTON","US","WA","98057-5573","ZCTN","WIRE - JUMPER","P92-1286-0200","true","","4","","","","2020-07-03 14:06:00.0000000","1000004702","","","","TP","EA","TM_INT_EMP01","2020-06-30 14:13:14.0000000","TM_INT_EMP01","","","100","LBS","KENWORTH RENTON","PETERBILT DENTON","PVL","testing@emial.com","TM_INT_EMP01",,,,,,,,
"000001187","","CA51","false","","SHRIDHARJOSH","2020-10-01 10:25:53.0000000","USD","","N. 8th Street","Renton","US","US01","","WA","98057","1.000000","1.000000","1.000000","IN","2020-10-19 10:25:00.0000000","","","","false","false","false","Kenworth Drive","Chillicothe","US","OH","45601","ZCTN","HARNESS - ENGINE HEATER","P92-2832-1362-25","false","","2","","","","2020-10-15 10:25:00.0000000","US02","","","","TP","EA","SHRIDHARJOSH","2020-10-01 10:25:53.0000000","SHRIDHARJOSH","","","100","LBS","Kenworth Chillicothe","Kenworth Renton","","testing@email.com","SHRIDHARJOSH","",,,,,,,
"000001142","","US50","false","","TM_INT_EMP01","2020-06-30 14:54:27.0000000","USD","","3200 AIRPORT ROAD","DENTON","US","1000004700","","TX","76207","48.000000","48.000000","48.000000","IN","2020-07-06 14:06:00.0000000","","","","false","false","false","1601 NORTH 8TH STREET","RENTON","US","WA","98057-5573","ZCTN","JUMPER- AIR DRYER","P92-1129-5000","true","","4","","","","2020-07-03 14:06:00.0000000","1000004702","","","","TP","EA","TM_INT_EMP01","2020-06-30 14:54:27.0000000","TM_INT_EMP01","","","100","LBS","KENWORTH RENTON","PETERBILT DENTON","PVL","testing@emial.com","TM_INT_EMP01",,,,,,,,
"000001188","","CA01","false","","TM_EXT_MCS01","2020-10-02 00:22:07.0000000","USD","","1089 EASTERN AVE","CHILLICOTHE","US","KC01","","OH","45601","55.000000","45.000000","44.000000","IN","2020-10-12 00:21:00.0000000","","","","false","false","false","#6 BUTTERFIELD TRAIL","EL PASO","US","TX","79906","ZREL","EXTENDER-UPPER ROOF HQB","29-04083L","false","","543","","","","2020-10-05 00:21:00.0000000","1000002382","","test","","CC","EA","TM_EXT_MCS01","2020-10-02 00:22:07.0000000","TM_EXT_MCS01","","","100","LBS","STONERIDGE ELECTRONICS N.A.","ALCOA SUB ASSEMBLY AND LOGISTICS (ASL)","","testing@email.com","TM_EXT_MCS01","",,,,,,,
"000001143","","US56","false","","TM_INT_EMP01","2020-07-01 09:53:26.0000000","USD","","1601 NORTH 8TH ST","RENTON","US","KR01","","WA","98055","12.000000","12.000000","11.000000","IN","2020-07-09 09:53:00.0000000","","","","false","false","false","431 E. DIVISION STREET","WAUTOMA","US","WI","54982-6943","ZBIN","LAPTOP","","false","","14","","","","2020-07-06 09:53:00.0000000","1000001043","","","","PP","EA","TM_INT_EMP01","2020-07-01 09:53:26.0000000","TM_INT_EMP01","","","1213","LBS","CUMMINS EMIS. SOLUTIONS WAU","Kenworth-Renton (Dock M)","","testing@emial.com","TM_INT_EMP01",,,,,,,,
"000001189","","AU52","false","AG","TM_EXT_SUP01","2020-10-12 18:26:10.0000000","USD","","750 HOUSER WAY NORTH","RENTON","US","1000004701","","WA","98057","10.000000","10.000000","10.000000","IN","2020-10-15 18:25:00.0000000","","3","","true","true","true","3535 ARGENTINA ROAD","MISSISSAUGA","CA","ON","L5N 0G6","ZTRM","LOWER LEVEL","PARTA","true","","12","","","","2020-10-12 18:25:52.0000000","1000002488","","","","CC","EA","TM_EXT_SUP01","2020-10-12 18:26:10.0000000","TM_EXT_SUP01","12","KA12","13","LBS","PACCAR PARTS TORONTO","PACCAR PARTS","FLT-D","testing@email.com","TM_EXT_SUP01","Testing@paccar.com",,,,,,,
"000001190","reporttest","MX01","false","","SHRIDHARJOSH","2020-10-14 16:17:10.0000000","USD","test","CALZ GUSTAVO VILDOSOLA CASTRO 2000","Mexicali","MX","CX01","","BC","21385","25.000000","70.000000","25.000000","IN","2020-10-21 16:16:00.0000000","1","","","false","false","false","4060 EAST JURUPA","ONTARIO","US","CA","91761","ZCRT","Tyre","","true","reporttest","50","","","82981","2020-10-15 16:16:00.0000000","1000002408","","","test","CC","EA","SHRIDHARJOSH","2020-10-14 16:17:10.0000000","SHRIDHARJOSH","","","150","LBS","EAST PENN MFG (FOR KENMEX)","KENWORTH MEXICANA","ECN","testing@email.com","SHRIDHARJOSH","malini.nair@gmail.com",,,,,,,
"000001191","","US52","false","","SHRIDHARJOSH","2020-10-14 16:20:26.0000000","USD","321","4060 EAST JURUPA","ONTARIO","US","1000002408","","CA","91761","60.000000","120.000000","60.000000","IN","2020-10-21 16:19:00.0000000","","","","false","false","false",". 750 HOUSER WAY NORTH","RENTON","US","WA","98057-5573","ZSRR","test","","false","","567","","","test","2020-10-15 16:19:00.0000000","1000004685","","","","TP","EA","SHRIDHARJOSH","2020-10-14 16:20:26.0000000","SHRIDHARJOSH","","","150","LBS","PACCAR PARTS","EAST PENN MFG (FOR KENMEX)","","testing@email.com","SHRIDHARJOSH","",,,,,,,
"000001192","23432849823","US53","false","","TMEXTSUP01","2020-11-09 15:14:05.0000000","USD","7392879384","5901 - 44 STREET  3031 WYOMING AVE","DEARBORN","US","1000000045","","MI","48120","10.000000","10.000000","10.000000","IN","2020-11-12 15:13:00.0000000","irywierysdkfbsdiufh","","","false","false","false","PO BOX 227","KANKAKEE","US","IL","60901","ZWPT","FIFTH WHEEL\, HOLLAND","FW17J824XL80","true","238423401238","10","","","3940239840923840492","2020-11-10 15:13:00.0000000","1000001778","","","","CC","EA","TMEXTSUP01","2020-11-09 15:14:05.0000000","TMEXTSUP01","","","100","LBS","SECURITY STEEL SUPPLY CO.","EASTERN MICHIGAN KENWORTH","NORM","testing@email.com","TMEXTSUP01","test@email.com",,,,,,,
"000001193","","CA51","false","","LOGMANAGER05","2020-12-08 12:02:58.0000000","USD","","1601 NORTH 8TH ST","RENTON","US","KR00","","WA","98055","10.000000","1.000000","10.000000","IN","2020-12-09 12:02:00.0000000","","","","true","false","false","111 DONALDSON COURT","CRESCO","US","IA","52136-8470","ZCTN","Documents","","false","","1","","","","2020-12-08 12:02:00.0000000","1000001071","","","","TP","EA","LOGMANAGER05","2020-12-08 12:02:58.0000000","LOGMANAGER05","","","10","LBS","DONALDSON COMPANY - CRESCO","KR00 - KENWORTH RENTON","","testing@email.com","LOGMANAGER05","",,,,,,,
"000001194","","US06","false","","shridevigs","2020-12-18 16:39:04.0000000","USD","","PO BOX 676378","DALLAS","US","1000000322","","TX","75267-6378","3.000000","3.000000","2.000000","IN","2020-12-25 16:38:00.0000000","","","","false","false","false","3001 INDUSTRY DRIVE","LANCASTER","US","PA","17603","ZSTR","3324","","false","","34","","","","2020-12-25 16:38:00.0000000","234","","","","CC","EA","shridevigs","2020-12-18 16:39:04.0000000","shridevigs","","","32334","LBS","PACCAR PARTS DIVISION","PACCAR LEASING","","testing@email.com","shridevigs","",,,,,,,
